CREATE TABLE `categories` (
`id` bigint NOT NULL AUTO_INCREMENT,
`name` varchar(255) COLLATE utf8mb4_unicode_ci DEFAULT NULL,
`parent_id` bigint DEFAULT NULL,
`thumbnail_url` varchar(255) COLLATE utf8mb4_unicode_ci DEFAULT NULL,
`url_key` varchar(255) COLLATE utf8mb4_unicode_ci DEFAULT NULL,
PRIMARY KEY (`id`),
UNIQUE KEY `UKgaa2nvscyupul5j6vt3xioeay` (`url_key`)
) ENGINE=InnoDB AUTO_INCREMENT=25 DEFAULT CHARSET=utf8mb4 COLLATE=utf8mb4_unicode_ci;
INSERT INTO `categories` VALUES (1,'Laptop',NULL,'https://cdn2.fptshop.com.vn/unsafe/180x0/filters:quality(100)/laptop_cate_thumb_f8bef6898b.png','laptop'),(2,'Dien thoai',NULL,'https://cdn2.fptshop.com.vn/unsafe/96x0/filters:quality(100)/phone_cate_0d84a35c3a.png','dien-thoai'),(3,'May tinh bang',NULL,'https://cdn2.fptshop.com.vn/unsafe/96x0/filters:quality(100)/may_tinh_bang_cate_thumb_00e3b3eefa.png','may-tinh-bang'),(4,'Dong ho thong minh',NULL,'https://cdn2.fptshop.com.vn/unsafe/96x0/filters:quality(100)/dong_ho_cate_thumb_fefdd822ba.png','dong-ho-thong-minh'),(5,'Tai nghe',NULL,'https://firebasestorage.googleapis.com/v0/b/lavenshop-c9862.appspot.com/o/category_images%2F1727045591630.webp?alt=media&token=331f0522-73eb-46ae-97d9-cbcbf74a902f','Tai-nghe'),(6,'Chuot may tinh',NULL,'https://firebasestorage.googleapis.com/v0/b/lavenshop-c9862.appspot.com/o/category_images%2F1728662197343.jpeg?alt=media&token=1190b78f-934c-4769-a2a8-e519f6d78dae','Chuot-may-tinh'),(7,'Man hinh',NULL,'https://cdn2.fptshop.com.vn/unsafe/96x0/filters:quality(100)/man_hinh_cate_thumb_f68d362f1e.png','man-hinh'),(8,'Cap sac',NULL,'https://cdn2.fptshop.com.vn/unsafe/180x0/filters:quality(100)/2022_11_22_638047060171322262_HASP-CAP-DEVIA-GRACIUOS-USBC-TO-LIGHTNING-1.5-DEN-AVT.jpg','cap-sac'),(9,'Cu sac',NULL,'https://cdn2.fptshop.com.vn/unsafe/180x0/filters:quality(100)/2023_8_14_638276182011142335_MINI-CUBE-20W-DEN-AVT.jpg','cu-sac'),(10,'Loa',NULL,'https://cdn2.fptshop.com.vn/unsafe/180x0/filters:quality(100)/2023_2_27_638131130416847964_HASP-LOA-JBL-GO-ESSENTIAL-AVT.jpg','loa'),(11,'Ban phim',NULL,'https://cdn2.fptshop.com.vn/unsafe/180x0/filters:quality(100)/2024_6_25_638549209335557184_logitech-pro-x-tkl-thumb.png','ban-phim'),(14,'Camera',NULL,'https://img.tgdd.vn/imgt/f_webp,fit_outside,quality_100/https://cdn.tgdd.vn//content/icon-camera-128x129.png','camera');
CREATE TABLE `products` (
`id` bigint NOT NULL AUTO_INCREMENT,
`brand` varchar(255) COLLATE utf8mb4_unicode_ci DEFAULT NULL,
`category_url` varchar(255) COLLATE utf8mb4_unicode_ci DEFAULT NULL,
`description` TEXT COLLATE utf8mb4_unicode_ci DEFAULT NULL,
`discount_rate` double NOT NULL,
`name` varchar(255) COLLATE utf8mb4_unicode_ci DEFAULT NULL,
`price` double NOT NULL,
`product_slug` varchar(255) COLLATE utf8mb4_unicode_ci DEFAULT NULL,
`quantity_sold` int NOT NULL,
`rating_average` double NOT NULL,
`review_count` int NOT NULL,
`thumbnail_url` varchar(255) COLLATE utf8mb4_unicode_ci DEFAULT NULL,
`category_id` bigint DEFAULT NULL,
PRIMARY KEY (`id`),
KEY `FKog2rp4qthbtt2lfyhfo32lsw9` (`category_id`),
CONSTRAINT `FKog2rp4qthbtt2lfyhfo32lsw9` FOREIGN KEY (`category_id`) REFERENCES `categories` (`id`)
) ENGINE=InnoDB AUTO_INCREMENT=48 DEFAULT CHARSET=utf8mb4 COLLATE=utf8mb4_unicode_ci;
INSERT INTO `products` VALUES (1,'Logitech','chuot-may-tinh','Hoan thanh tat ca cong viec ma khong bo lo mot nhip nao hoac lam phien nhung nguoi xung quanh. Chuot yen lang (Silent Mice) cho cam giac nhap chuot tuong tu ma khong co tieng nhap chuot - giam hon 90% tieng on. Chan chuot ben bi, hieu suat cao luot em tren ban lam viec. Banh xe cuon em ai bo sung tron ven cho trai nghiem yen lang. Chuot yen lang (Silent Mice) loai bo tieng on qua muc trong khi van bao ve suc khoe va hieu suat cua moi nguoi. Hay bien day thanh cu nhap chuot gay kho chiu cuoi cung cua ban. Gia dinh va ban be se cam on ban.',20,'Chuot khong day LOGITECH M331 Black Cong USB - Hang chinh hang',339000,'Chuot-khong-day-LOGITECH-M331-Black-Cong-USB-Hang-chinh-hang',251,0,0,'https://firebasestorage.googleapis.com/v0/b/lavenshop-c9862.appspot.com/o/product_images%2F1729091874330.jpeg?alt=media&token=83943ebd-4b83-4f82-9f26-b03e6ab26eed',6),(2,'Apple','dien-thoai','Dien Thoai iPhone 12\niPhone 12 day nhanh moi tac vu voi mang 5G sieu nhanh.1 A14 Bionic, chip nhanh nhat tren dien thoai thong minh. He thong camera kep moi. Voi man hinh Super Retina XDR tuyet dep, nay ban co the chiem nguong tung chi tiet hinh anh vo cung song dong.\n\nNoi dung ve tinh nang\niPhone 12. Mang 5G giup tai xuong cac bo phim mot cach nhanh chong va xem truc tuyen video chat luong cao.1 Man hinh Super Retina XDR 6.1 inch sang dep an tuong.2 Ceramic Shield voi kha nang chiu va dap khi roi tot hon gap 4 lan.3 Anh chup tuyet dep trong dieu kien anh sang yeu voi che do Ban Dem o tat ca cac camera. Quay phim, bien tap va phat video Dolby Vision dang cap dien anh. Chip A14 Bionic manh me. Hay de dieu thu vi bat dau.\n\nTinh nang noi bat\nMan hinh Super Retina XDR 6.1 inch2\nCeramic Shield, chat lieu kinh ben chac nhat tung co tren dien thoai thong minh\nMang 5G cho toc do tai xuong sieu nhanh, xem video va nghe nhac truc tuyen chat luong cao1\nA14 Bionic, chip nhanh nhat tung co tren dien thoai thong minh\nHe thong camera kep tien tien 12MP voi cac camera Ultra Wide va Wide; che do Ban Dem, Deep Fusion,\nHDR thong minh the he 3, kha nang quay video HDR Dolby Vision 4K\n\nCamera truoc TrueDepth 12MP voi che do Ban Dem va kha nang quay video HDR Dolby Vision 4K\nKha nang chong nuoc dat chuan IP68 dung dau thi truong4\niOS 14 voi cac tien ich duoc thiet ke lai tren Man Hinh Chinh, Thu Vien Ung Dung hoan toan moi, App Clips cung nhieu tinh nang khac\nPhap ly\nCan co goi cuoc du lieu. Mang 5G chi kha dung o mot so thi truong va duoc cung cap qua mot so nha mang. Toc do co the thay doi tuy dia diem va nha mang. De biet thong tin ve ho tro mang 5G, vui long lien he nha mang va truy cap.\n\nMan hinh co cac goc bo tron. Khi tinh theo hinh chu nhat, kich thuoc man hinh la 6.06 inch theo duong cheo. Dien tich hien thi thuc te nho hon.\n\nXac nhan dua vao mat truoc co Ceramic Shield cua iPhone 12 so voi iPhone the he truoc.\n\niPhone 12 co kha nang chong tia nuoc, chong nuoc va chong bui. San pham da qua kiem nghiem trong dieu kien phong thi nghiem co kiem soat dat muc IP68 theo tieu chuan IEC 60529 (chong nuoc o do sau toi da 6 met trong vong toi da 30 phut). Kha nang chong tia nuoc, chong nuoc va chong bui khong phai la cac dieu kien vinh vien. Kha nang nay co the giam do hao mon thong thuong. Khong sac pin khi iPhone dang bi uot. Vui long tham khao huong dan su dung de biet cach lau sach va lam kho may. Khong bao hanh san pham bi hong do tham chat long.\n\nThong so ky thuat\nTruy cap de xem cau hinh day du.\n\nGia san pham tren Tiki da bao gom thue theo luat hien hanh. Ben canh do, tuy vao loai san pham, hinh thuc va dia chi giao hang ma co the phat sinh them chi phi khac nhu phi van chuyen, phu phi hang cong kenh, thue nhap khau (doi voi don hang giao tu nuoc ngoai co gia tri tren 1 trieu dong).....',10,'Apple iPhone 12',12750000,'Apple-iPhone-12',1278,0,0,'https://firebasestorage.googleapis.com/v0/b/lavenshop-c9862.appspot.com/o/product_images%2F1728662018978.webp?alt=media&token=277e1734-64bd-4a3b-acc5-6118b41817ad',2),(3,'Sony','tai-nghe','Tai nghe Sony WH-1000XM4 chinh hang\n\nMoi day, Sony vua cong bo the he thu 4 cua dong tai nghe chup dau chong on cao cap: WH1000XM4. Sony WH-1000XM4 co thiet ke tuong tu nhu nguoi dan anh cua minh, va cung duoc trang bi bo xu ly chong on QN1, thu giup cho Sony WH-1000XM3 tro thanh mot trong nhung tai nghe khong day tot nhat trong phan khuc chong on chu dong.\nSony WH-1000XM4 giup ban hoa minh vao am nhac\n\nTai nghe chong on WH1000XM4 voi kha nang khu tieng on tien tien nhat cua Sony ket hop chat luong am thanh vuot troi va hang loat cac tinh nang thong minh cho trai nghiem am nhac khong gi sanh bang.\nTai nghe Sony WH-1000XM4 trang bi cong nghe khu tieng on hang dau hien nay\n\nTai nghe bluetooth Sony WH-1000XM4 trang bi cong nghe cam bien tieng on kep, voi hai micro tren moi ben tai, giup thu duoc tieng on xung quanh va truyen du lieu den bo xu ly khu tieng on HD QN1.\nSu dung thuat toan moi, bo xu ly khu tieng on HD QN1 sau do ap dung xu ly khu tieng on trong thoi gian thuc. Hoat dong cung voi Bluetooth Audio SoC (System on Chip) moi, giup cam nhan va dieu chinh tin hieu am nhac va tieng on, voi toc do hon 700 lan moi giay. Dem lai hieu qua chong on dang kinh ngac.\n\nNgoai ra, tai nghe Sony WH1000XM4 cung co the toi uu hoa khu tieng on ca nhan, giup phu hop voi nhieu doi tuong nguoi dung khac nhau. Va toi toi uu hoa ap suat khi quyen, duoc thiet ke danh rieng cho du lich hang khong.',15,'Tai Nghe Bluetooth Chup Tai Sony WH-1000XM4 Hi-Res Noise Canceling - Hang Chinh Hang',5590000,'Tai-Nghe-Bluetooth-Chup-Tai-Sony-WH-1000XM4-Hi-Res-Noise-Canceling-Hang-Chinh-Hang',125,0,0,'https://firebasestorage.googleapis.com/v0/b/lavenshop-c9862.appspot.com/o/product_images%2F1728662060896.png?alt=media&token=99edde92-d72a-450b-ab57-d4ecf56e54e4',5),(4,'Sony','tai-nghe','Tai nghe Sony WF-1000XM5 - Am thanh vuot troi\nTai nghe khong day Sony WF-1000XM5 la su lua chon hoan hoa giup ban giai toa ap luc, cang thang sau gio lam viec hay cho ban dam chim vao nhung ban nhac ma minh yeu thich. Mang trong minh cong nghe chong on toi tan nhat thoi diem hien tai, tai nghe nhet tai nay cho ra chat luong am thanh chan thuc mot cach dang kinh ngac.\n\nNang cao trai nghiem nghe goi voi micro dam thoai cao cap\nTrai nghiem cuoc goi thoai tren WF-1000XM5 duoc danh danh gia la tot chua tung co tren cac san pham tai nghe truoc day cua Sony. Cu the, nho duoc trang bi kha nang xu ly He than kinh sau (DNN) ket hop voi thuat toan giam tieng on dua tren AI, the he tai nghe Sony moi nay giup nguoi dung co the dam thoai mot cach ro net va tu nhien ngay ca trong moi truong on ao. ',10,'Tai nghe Bluetooth True Wireless Sony WF-1000XM5',5590000,'Tai-nghe-Bluetooth-True-Wireless-Sony-WF-1000XM5',150,0,0,'https://cdn2.cellphones.com.vn/insecure/rs:fill:0:358/q:90/plain/https://cellphones.com.vn/media/catalog/product/t/a/tai-nghe-khong-day-sony-wf-1000xm5-6_1.png',5),(5,'Sony','tai-nghe','Sony WF-1000XM3 - Tai nghe so huu cong nghe khong day dich thuc\nVoi cong nghe khong day bluetooth va thiet ke tien dung vua van mang lai su thoai mai ca ngay dai, tai nghe chong on Sony WF-1000XM3 cho ban su tu do dich thuc cua cong nghe khong day.\nThiet ke om sat khongbi truot ra ngoai, kem phu kien eartip hybrid\nTai nghe chong on co thiet ke tien dung, tiep xuc voi ba diem khac nhau tren tai ban, mang lai cam giac thoai mai, chac chan. Be mat cao su voi do ma sat cao giu cho tai nghe chong on vua khit va chac chan trong tai ban de chung khong bat ngo bi truot ra ngoai.\nSan pham nay con di kem phu kien eartip hybrid (4 size) va eartip triple comfort (3 size) nen nguoi dung co the tim thay su phu hop hoan hao nhat cho minh. Tai nghe khong day nay mang den chat luong thoai ro hon va ban co the nhan cuoc goi voi mot hoac ca hai ben tai nghe.\n\nCam bien tieng on kep, bo xu ly chong on HD QN1e \nMicro kep – mot micro thu am phia truoc va mot o phia sau tren be mat tai nghe se thu am thanh xung quanh tot hon, cho du do la tieng on tren may bay, tieng xe co trong thanh pho hay tieng tro chuyen trong van phong.\nSony WF-1000XM3 voi mang loa 6mm tang cuong am thanh, cam bien tiem can\nBo mang loa 6 mm nho nhung manh me nam ben trong tai nghe, mang den am thanh song dong, ro rang, bao trum. Co che tang cuong am thanh ky thuat so HX (DSEE HX™) nang cap cac tep nhac nen ky thuat so de co chat luong am thanh gan dat am thanh do phan giai cao.',10,'Tai nghe khong day Sony WF-1000XM3',5490000,'Tai-nghe-khong-day-Sony-WF-1000XM3',150,0,0,'https://cdn2.cellphones.com.vn/insecure/rs:fill:0:358/q:90/plain/https://cellphones.com.vn/media/catalog/product/g/r/group_187_1_.png',5),(6,'Sony','tai-nghe','Tai nghe Sony WF-1000XM4 – Xung danh ong hoang tai nghe\nKhi noi ve tai nghe khong the khong nhac den tai nghe cua thuong hieu Sony. Cai ten Sony WF-1000XM4 dang duoc nhac den kha nhieu tren cac mat bao. Cung tim hieu xem lieu chiec tai nghe khong day nay co gi dac sac nhe.\n\nHieu suat chong on dinh cao, mang loa 6 mm\nTai nghe Sony WF-1000XM4 gay an tuong voi nguoi dung boi kha nang chong on cuc ky hieu qua, thu da lam nen thuong hieu cua Sony. Tat ca la nho vao bo xu ly tich hop V1 voi cong nghe cam bien tieng on kep thu tieng on moi truong xung quanh. Sau do, ket hop voi thuat toan moi cua hang thi no se cho ra kha nang chong on tuong ung voi da dang moi truong.\nTich hop cong nghe hien dai: Edge-AI, DSEE ExtremeTM  tang cuong am thanh\nVoi tri tue nhan tao mang ten Edge-AI do hang tu phat trien da mang den nhieu su tien dung hon khi su dung tai nghe WF-1000XM4. Gio day ban khong can phai dung tay go vao tai nghe ma thuc hien chuyen bai hay tam dung, ma thay vao do la giong noi de ghi lenh cho tai nghe.\nChua dung lai o do, tinh nang DSEE Extreme voi co che tang cuong am thanh ky thuat so cho phep nang cap nhung tep bai hat nen ky thuat so trong thoi gian thuc. Qua do, no nhan biet cac nhac cu hay the loai nhac, giup khoi phuc am thanh dai tan cao bi mat khi nen, giup trai nghiem mot am thanh phong phu va tron ven hon.',0,'Tai nghe Bluetooth True Wireless Sony WF-1000XM4',6490000,'Tai-nghe-Bluetooth-True-Wireless-Sony-WF-1000XM4',550,0,0,'https://cdn2.cellphones.com.vn/insecure/rs:fill:0:358/q:90/plain/https://cellphones.com.vn/media/catalog/product/t/a/tai-nghe-khong-day-sony-wf-1000xm4_1.jpg',5),(7,'ASUS','laptop','Laptop Asus Tuf Gaming F15 FX507ZC4-HN074W - Thoai mai chien game, luu tru da doi \nLaptop Asus Tuf Gaming F15 FX507ZC4-HN074W la dong laptop gaming co hieu nang vuot troi, nhieu tinh nang tan tien va tuyet voi cho game thu. Mau laptop nay khong chi thuc hien tot kha nang xu ly do hoa ma con co nhung chuyen dong nhanh nhay chuan xac. Hay xem doan mo ta sau day de hieu ro hon ve uu diem cua dong laptop Asus Gaming moi nhat nay.\n\nChien game thoai mai, do hoa song dong \nLaptop Asus Tuf Gaming F15 FX507ZC4-HN074W co kha nang chien game cuc khung nho con chip Intel Core i5 12500H. Ban co the thoai mai thuc hien cac tac vu phuc tap nhu chay code, xu ly do hoa hoac chien game.\nNang cap trai nghiem, toi uu luu tru \nAsus Tuf Gaming F15 FX507ZC4-HN074W thuoc phan khuc laptop 20 trieu duoc tich hop bo Ram DDR4 co dung luong 8GB, co the nang cap len toi da 32 GB. Nho vay cac thao tac luon muot ma, an tuong khi su dung thuc day hieu suat da nhiem len cao nhat cho may.',0,'Laptop ASUS TUF Gaming F15 FX507ZC4-HN074W',19490000,'Laptop-ASUS-TUF-Gaming-F15-FX507ZC4-HN074W',130,4.5,50,'https://cdn2.cellphones.com.vn/insecure/rs:fill:0:358/q:90/plain/https://cellphones.com.vn/media/catalog/product/t/e/text_ng_n_2__3_24.png',1),(8,'Lenovo','laptop','Dac diem noi bat cua Lenovo Ideapad 3 15IAU7 i7 1255U (82RK00W4VN)\nLenovo IdeaPad 3 15IAU7 la phuong tien hoc tap va lam viec hoan hao danh cho ban nho cau hinh cuc manh trong tam gia phai chang. Bo vi xu ly Intel Core i7 the he thu 12 manh me, dung luong RAM lon 16GB, man hinh 15,6 inch Full HD ro net giup moi viec cua ban thoai mai va nhanh chong hon bao gio het.\nTrai nghiem hieu suat toi da\nLenovo IdeaPad 3 15IAU7 gay an tuong manh voi hieu nang vuot troi tu bo vi xu ly Intel Core i7 1255U the he thu 12 Alder Lake. Con chip nay so huu suc manh cua 10 nhan 12 luong, trong do 2 nhan P hoat dong o toc do len toi 4.70 GHz. Dieu nay dam bao kha nang lam viec nang suat cao, tham chi voi cac ung dung nang, tuong duong voi may tinh de ban. Khong chi vay, viec tich hop GPU Intel Iris Xe cung nang cao hieu suat do hoa, phuc vu tot cac cong viec lien quan den thiet ke va do hoa co ban.\nBen canh do, kha nang da nhiem cua Lenovo IdeaPad 3i Gen 7 cung rat an tuong voi viec co san 16GB RAM va 512GB SSD, giup may chay da nhiem mot cach tron tru va luu tru du lieu linh hoat, dong thoi duy tri toc do cao trong moi tac vu. RAM lon 16GB cho phep mo nhieu ung dung cung luc mot cach muot ma, trong khi o SSD M2 toc do cao, dung luong lon 512GB giup may khoi dong va truy cap ung dung nhanh chong, cung cap khong gian luu tru rong lon.\nLuon dong hanh ben ban\nBen canh kieu dang thanh lich va mau xam bac sang trong, Lenovo IdeaPad 3 15IAU7 tham chi con de dang di chuyen voi trong luong chi 1.63kg va do mong 19.9mm, giup ban co the dem theo ben minh moi luc moi noi ma khong gap phai su cong kenh khi di chuyen. Day chac chan la mot nguoi ban dong hanh ly tuong cho nhung ngay moi tran day nang luong.\nTham gia cuoc goi video ro rang\nLenovo IdeaPad 3i cung mang lai trai nghiem goi video tuyet voi voi webcam HD 720p sac net, tinh nang khu nhieu, khu on thong minh va man trap khoa camera khi can thiet. Dieu nay rat huu ich trong viec tham gia buoi hoc truc tuyen hoac cac cuoc hop qua mang. Hinh anh cua ban se luon xuat hien rang ro trong mat doi tac, dong thoi cuoc dam thoai cung dien ra o chat luong cao va  on dinh.\nMan hinh ly tuong cho cong viec va giai tri\nMan hinh vien mong cua IdeaPad 3 Gen 7 khong chi tao cam giac tap trung hon vao noi dung ma con cung cap goc nhin rong va hinh anh truc quan hon. Do phan giai Full HD va kich thuoc man hinh 15.6 inch cung cap khong gian lam viec mo rong va hinh anh sac net, cho phep ban tan huong moi chi tiet ro rang. Du la lam viec hay giai tri, hinh anh van luon duoc tai hien an tuong, mang den cam hung cho rieng ban.\nSan sang ket noi\nDe dap ung tinh di dong cao, Lenovo IdeaPad 3 15IAU7 trang bi vien pin dung luong len toi 45Wh cho thoi gian su dung ca ngay lam viec khi khong co nguon sac ben canh. Viec ket noi voi cac thiet bi cung tro nen de dang voi nhieu cong ket noi pho bien duoc tich hop tren chiec may tinh nay, tu cong USB den cong xuat hinh HDMI va dau doc the nho.\nCong nghe AI thong minh\nTinh nang tri tue nhan tao AI Engine cua Lenovo IdeaPad 3i Gen 7 dem lai su toi uu hoa cho trai nghiem su dung may tinh, tu viec ket noi mang on dinh den hieu ung xoa phong chuyen nghiep khi goi video. Day khong chi la mot chiec laptop thong minh ma con la huong di tien tien cho cong nghe trong tuong lai.',0,'Laptop Lenovo Ideapad 3 15IAU7 i7 1255U/16GB/512GB/15.6\"FHD/Win 11',15290000,'Laptop-Lenovo-Ideapad-3-15IAU7-i7-1255U-16GB-512GB-15.6\"FHD-Win-11',1250,5,500,'https://cdn2.cellphones.com.vn/insecure/rs:fill:0:358/q:90/plain/https://cellphones.com.vn/media/catalog/product/t/e/text_ng_n_4__5_29.png',1),(9,'Apple','laptop','Khong chi khoi goi cam hung qua viec cach tan thiet ke, MacBook Air M2 2022 con chua dung nguon suc manh lon lao voi chip M2 sieu manh, thoi luong pin cham  nguong 18 gio, man hinh Liquid Retina tuyet dep va he thong camera ket hop cung am thanh tan tien.\nMong, nhe va tran day cam hung\nNgam nhin MacBook Air M2 2022, ban se say dam truoc ve dep tinh xao den tung goc canh va do mong dac trung von co lam nen thuong hieu MacBook Air. Moi thiet bi deu duoc Apple che tac va hoan thien tu chat lieu nhom dac biet nham dam bao ca do nhe va su ben bi. Ban se thoai mai cam nam de mang theo thiet bi di bat cu dau. San pham mang lai bon tuy chon mau tuyet dep gom Xanh, Xam, Bac va Vang.\nChip M2 noi luc, hieu qua, em ai\nDiem dot pha ve suc manh cua MacBook Air M2 2022 den tu chip xu ly Apple M2 voi toc do an tuong hon nhieu so voi chip Apple M1, dong thoi su dung nang luong hieu qua hon. Ban co the hoan thanh cong viec cua minh nhanh chong hon voi su ho tro cua bo CPU 8 nhan cuc do manh me. Tao hinh anh va chinh sua cac tac vu do hoa voi GPU 8 loi. So voi M1, chip M2 nhanh hon 1.4 lan va giup MacBook Air M2 ghi nhan thoi luong pin keo dai 18 tieng.\n\nKha nang van hanh hieu qua cua chip M2 cho phep MacBook Air M2 hoat dong voi cuong do cao ma khong can den su ho tro cua quat tan nhiet, dam bao do mong gon va em ai vuot troi so voi cac mau laptop khac tren thi truong.\nToi uu nang luc van hanh voi macOS\nDo tuong thich va kha nang toi uu phan cung tuyet voi cua macOS giup MacBook Air M2 2022 phan hoi nhanh chong moi tac vu ban mong muon – bao gom cac phan mem van phong Microsoft 365. Su linh hoat cua he sinh thai Apple giup ban de dang nhan cuoc goi iPhone ngay tren may Macbook, su dung iPad nhu mot man hinh phu va dang nhap vao MacBook Air M2 thong qua Apple Watch mot cach linh hoat, muot ma.',0,'MacBook Air 13 inch M2 2022 8CPU 8GPU 8GB/256GB',24990000,'MacBook-Air-13-inch-M2-2022-8CPU-8GPU-8GB-256GB',30,3,100,'https://cdn2.cellphones.com.vn/insecure/rs:fill:0:358/q:90/plain/https://cellphones.com.vn/media/catalog/product/m/a/macbook_air_m2_3_1.jpg',1),(10,'Apple','cu-sac','Sac nhanh 20W USB-C Power Adapter la phu kien hoan hao cho iPhone, iPad co ho tro sac nhanh, dac biet la dong iPhone 12 moi ra mat. Mot san pham phu kien chinh hang tu Apple se mang den hieu suat sac va do an toan toi uu cho iPhone, iPad cua ban.\nThiet ke thanh lich, tuong thich moi o cam\nNhu bao san pham khac cua Apple, cu sac moi 20W USB-C duoc thiet ke rat don gian, thanh lich va tinh te. Tong mau trang phoi voi mau xam nhat tao nen ve sang trong, phu hop voi cac phu kien khac tu Apple nhu cap hay tai nghe. O cam 2 chan tron cua cu sac nhanh 20W USB-C Power Adapter tuong thich hoan hao voi moi o dien o Viet Nam, cho phep ban co the sac de dang o bat cu dau.\nCong suat sac nhanh 20W, sac nhanh vuot troi\nDung nhu ten goi, cu sac 20W USB-C co the sac nhanh cho iPhone, iPad co ho tro. Ban se mat it thoi gian hon de bo sung nang luong cho san pham cua minh. Chi can tranh thu 20-30 phut an trua de sac, iPhone cua ban da co du nang luong de thoai mai dung them ca ngay.\n\nTuong thich voi nhieu dong iPhone, iPad\nBan co the su dung cu sac nhanh 20W USB-C cho nhung chiec iPhone, iPad o nhieu the he. Cu the la iPhone tu doi iPhone 8 tro ve sau va iPad tu doi iPad Gen 7 tro ve sau. Day la giai phap on dinh va an toan nhat, cho hieu nang toi uu khi sac pin cho iPhone, iPad.\nCong sac USB-C tien tien\nUSB-C dang la tuong lai cua cong nghiep ket noi hien nay, khi hau het cac thiet bi, khong chi rieng iPhone, iPad ma ca the gioi dien thoai, may tinh bang, tai nghe, cac loai phu kien khac, hay tham chi la laptop deu chuyen sang dung sac USB-C. Chinh vi the cu sac nhanh 20W USB-C Power Adapter co the sac duoc cho hau het cac thiet bi su dung ket noi dau vao la USB-C.',0,'Cu sac Apple Power Adapter 20W Type-C',489000,'Cu-sac-Apple-Power-Adapter-20W-Type-C',51,4.6,100,'https://cdn2.cellphones.com.vn/insecure/rs:fill:0:358/q:90/plain/https://cellphones.com.vn/media/catalog/product/g/r/group_117_1.png',9),(11,'AOC','man-hinh','Mo ta san pham\nAOC 22B2HN mang lai trai nghiem chat luong cao don gian, ly tuong cho ca nguoi dung van phong hien dai va nguoi dung gia dinh.\n\nThiet ke khong vien lien mach\nMàn hình AOC 22B2HN hau nhu khong co khung nay co vien cuc ky hep xung quanh mot man hinh tuyet dep. Khi duoc su dung nhu mot phan cua thiet lap nhieu man hinh, no cung cap su chuyen doi gan nhu lien mach va thanh lich giua cac man hinh.\n\nTrai nghiem hinh anh sac net\nMan hinh AOC co do phan giai Full HD (1920 x 1080 @ 75Hz) cho hinh anh sac net va mau sac chan thuc. Man hinh IPS mang den goc nhin 178/178 do trong khi van duy tri chat luong hinh anh va mau sac nhat quan tu moi vi tri xem.\n\nThoi gian phan hoi cuc nhanh\nVoi tan so quet 75Hz, cung cong nghe Adaptive-Sync man hinh mang lai hieu suat cao voi kha nang lam moi nhanh muot ma va thoi gian phan hoi cuc nhanh.\n\nGiam thieu anh sang xanh va chong nhap nhay\nCai dat AOC Low Blue Mode dam bao trai nghiem xem lanh manh hon khi su dung may tinh trong thoi gian dai ma khong anh huong den mau sac song dong tu nhien cua man hinh van phong nay.\n\nCong nghe khong nhap nhay giam nhap nhay de mang lai cho ban trai nghiem choi game thoai mai hon va trong lanh hon, giam thieu anh huong cua viec moi mat trong gio lam viec.\n\nTich hop phan mem da nhiem tien loi\nScreen + cho phep ban chia nho, tuy chinh va sap xep bo cuc cua man hinh. Lam cho da nhiem de dang hon bang cach thay doi kich thuoc va hien thi nhieu cua so cung mot luc.\n\nDe dang lap dat, tien loi\nCho du ban thich thiet lap gia treo tuong hay de man hinh tren ban lam viec,  mang den su linh hoat toi uu cho phep ban dat man hinh cua minh o bat cu dau ban muon.',10,'Man hinh AOC 22B2HN/74 (21.5inch/FHD/VA/75Hz/7ms/250nits/HDMI+VGA)',1990000,'Man-hinh-AOC-22B2HN-74-(21.5inch-FHD-VA-75Hz-7ms-250nits-HDMI+VGA)',500,4.7,150,'https://salt.tikicdn.com/cache/750x750/ts/product/2e/77/a9/80450b67296c6171c6e8c7c4dca7ceb6.png.webp',7),(12,'Logitech','chuot-may-tinh','Dot pha ve thiet ke va trong luong\nChuot Logitech G Pro X Superlight la mot trong nhung dong chuot may tinh nhe nhat tu truoc toi nay cua Logitech, Logitech G Pro X Superlight la buoc dot pha ve ky thuat khi dat duoc trong luong it hon 63 gram – nhe hon gan 25% so voi chuot PRO khong day tieu chuan cua Logitech.\n\nHua hen day se la mot trong nhung phu kien choi game trong he sinh thai Logitech ben canh cac dong san pham ban phim co, tai nghe choi game,...se mang den cho ban nhung cam xuc thang hoa cung cac tua game yeu thich day nhe!\n\nCam bien HERO 25K doc quyen tu Logitech\nChuot Logitech G Pro X Superlight so huu mat cam bien HERO 25K doc quyen cua Logitech G dem lai do chinh xac, toc do va do on dinh. Voi do chinh xac cao va kha nang dieu khien cuc tot dieu do se ho tro va mang den cho nguoi dung hoan toan tu tin, dac biet la trong nhung thoi khac cang thang, keo dai tung giay cua tran dau.\n\nMot trong nhung dong chuot may tinh khong day dang so huu nhat hien nay, co chan lon bang nhua tong hop PTFE khong pha tap mang lai cam giac luot em ai, dem den ket noi tinh thuan, muot ma voi tro choi.\n\nBen bi tu carbon\nLOGITECH G PRO X SUPERLIGHT duoc gioi chuyen mon danh gia day la mot trong nhung dong chuot khong day Logitech dap ung cac tieu chuan cao nhat ve tinh ben vung. San pham nay duoc chung nhan hoan toan khong chua cacbon.',21,'Chuot Logitech G Pro X Superlight',3490000,'Chuot-Logitech-G-Pro-X-Superlight',857,4.9,500,'https://salt.tikicdn.com/cache/750x750/ts/product/b6/eb/f5/68ea64953000c36be218cf0e684ab757.jpg.webp',6),(13,'FL-ESPORT','ban-phim','Thong tin san pham:\n– 3 mode (Cap/ USB 2.4Ghz/ Bluetooth)\n– Keycap FSA/Cherry\n– Hotswap\n– Led rgb\n– Pin 2000 mAh\n– Foam silicon pcb va eva day\n– Layout: 83 phim\n\nFL-Esports FL750 Polar Night Black 3 Mode la chiec ban phim co moi nhat cua FL-Esports ra mat thi truong Viet Nam vao thang 7/2022. Chiec ban phim co ket noi 3 mode cung nhieu tinh nang va phan cung dang duoc so huu.',5,'Ban phim co khong day FL-Esports FL750 Polar Night Black 3 Mode',2599000,'Ban-phim-co-khong-day-FL-Esports-FL750-Polar-Night-Black-3-Mode',1037,5,756,'https://salt.tikicdn.com/cache/750x750/ts/product/77/b2/5c/451e325dd2c16a07e269d5514fe2bca3.png.webp',11),(14,'JBL','loa','Thiet ke manh me, ho tro khang nuoc, chong bui tieu chuan IP67\nLoa JBL Charge 5 la chiec loa bluetooth the he thu nam thuoc dong JBL Charge. Chiec loa nay duoc thay doi manh me ca ve thiet ke lan cong nghe am thanh mang den chat luong am thanh vuot troi du la ngoai troi hay trong nha. Ban se co mot bua tiec BBQ ngoai troi, ho boi hay bai bien, ngap tran am thanh song dong, thoa suc choi dua cung voi ban be.\n\nDam chat nguyen ban JBL Original Pro Sound\nMang theo minh uy luc cuong no cua chat nhac JBL Pro Sound. JBL Charge 5 duoc trang bi driver tram hanh trinh sau duoc toi uu hoa, mot driver trung cao rieng biet va he thong cong huong am tram kep JBL Bass Radiators, tat ca kien tao chat nhac bung no, trong treo, giau am sac. Thoa suc tan huong du trong phong hay ngoai troi. Loa JBL Charge 5 co cong suat 30 W, lon hon 1/3 so voi phien ban the he thu ba va tich hop cong nghe Bass Radiator mang lai am thanh trung thuc va song dong hon. Dac biet, am bass rat manh me, nguoi dung thoai suc tan huong nhung ban nhac yeu thich cua minh. De tang kha nang trai nghiem cung voi dam dong, nguoi dung chi can kich hoat JBL Connect+ cho phep ket noi hon 100 chiec loa.\n\nTrang bi ket noi Bluetooth 4.2\nLoa bluetooth JBL Charge 5 duoc trang bi ket noi chuan Bluetooth 4.2, cho toc do ket noi nhanh hon va on dinh hon so voi cac san pham loa thong thuong khac. Ben canh do, loa con ho tro ket noi Bluetooth hai thiet bi cung luc lan luot phat am thanh Stereo an tuong, cho kha nang ket noi linh hoat hon trong viec su dung rat nhieu. Charge 5 su dung cu loa moi voi ten goi “Racetrack-shaped driver” tang tiet dien loa, giup the hien am sac voi bien do rong hon. Cung voi do la 2 loa tweeter va mang rung thu dong JBL Bass Radiators giup tang cuong am bass voi do sau tot hon, dai cao duoc cai thien sang ro hon so voi nguoi tien nhiem.\n\nDoi voi cac thiet bi phat khong co ket noi Bluetooth, nguoi dung co the su dung ket noi cong audio 3.5mm o phia sau loa. Khi nguoi dung dang nghe nhac ma co cuoc goi den, nguoi dung chi can nhan vao nut dam thoai truc tiep o ngay tren than JBL Charge 5 ma khong can mo dien thoai de thao tac. Loa JBL Charge 5 co cong suat 30 W, lon hon 1/3 so voi phien ban the he thu ba va tich hop cong nghe Bass Radiator mang lai am thanh trung thuc va song dong hon. Dac biet, am bass rat manh me, nguoi dung thoai suc tan huong nhung ban nhac yeu thich cua minh. De tang kha nang trai nghiem cung voi dam dong, nguoi dung chi can kich hoat JBL Connect+ cho phep ket noi hon 100 chiec loa.\n\nTruyen phat khong day Bluetooth\nKet noi khong day lien mach toi 2 dien thoai hay may tinh bang va thay phien nhau tan huong chat nhac JBL Pro Sound.\n\nThoi bung cuoc vui cung PartyBoost\nTinh nang PartyBoost cho phep ban ket noi dong thoi 2 loa tuong thich de tao hieu ung am thanh stereo hoac ket noi voi nhieu loa tuong thich JBL PartyBoost de thuc su dua bua tiec len tam cao moi.\n\n20 gio choi nhac\nCuoc vui khong can duong lui. Mang trong minh thoi luong pin oanh tac toi 20 gio choi nhac, JBL Charge 5 dua bua tiec cua ban keo tron dem ngay. Tiec dang sung, dung de chung. Tich hop san sac du phong de tien loi sac cho thiet bi cua ban ma khong lam lo nhip cuoc vui. JBL Charge 5 con duoc trang bi loi pin Lithium-ion polymer voi dung luong cao len den 7.500 mAh, giup nguoi dung thoai mai cung ban be choi dua len toi 20 tieng va chi can 5,5 tieng sac la day pin. Ngoai ra, nguoi dung cung de dang theo doi dung luong pin con lai de kiem soat khong bi het pin giua chung thong qua mot den LED thong minh.',15,'Loa Bluetooth JBL Charge 5',3790000,'Loa-Bluetooth-JBL-Charge-5',462,4.8,254,'https://salt.tikicdn.com/cache/750x750/ts/product/08/75/3c/341cc2c3c03d260cff509df41f5d0ddb.jpg.webp',10),(15,'LG','laptop','Danh gia chi tiet laptop LG Gram 2023 16Z90R EAH75A5\nLG Gram 2023 16Z90R EAH75A5 khoi nguon cam hung lam viec voi ngoai hinh thiet ke sieu nhe sieu mong chuan laptop hien dai nam nay. Thu hut boi ngoai hinh sang trong cung hieu nang hoat dong dinh cao cho moi yeu cau hoc tap va lam viec hang ngay cua nguoi dung. Cung Harbe tim hieu chi tiet ve san pham LG Gram 2023 nay nhe!\n\nThiet ke laptop mong nhe sieu ben \nDac diem dau tien ma bat cu ai cung bi me hoac tu LG Gram 2023 la ve be ngoai cua no. Chiec laptop voi trong luong sieu nhe 1299 gram, day khoang 1.68cm san sang cho mot ngay lam viec dai. Hien thuc hoa mong muon di dong trong tam tay voi san pham laptop mong nhe LG Gram 2023.\n\nMong nhe nhung khong the danh gia rang chiec laptop 16Z90R EAH75A5 khong du chac chan va ben lau. Trai qua 7 bai kiem tra khat nghiet ve do ben theo chuan quan doi MIL-STD-810H da giup LG khang dinh san pham cua chinh ho co do chac chan va ben bi theo thoi gian khi dong hanh cung nguoi dung. Neu ban can mot chiec laptop di dong cao cung nhu su cung cap khoi nhung va cham thi LG Gram 2023 16Z90R EAH75A5 se la lua chon phu hop ma ban khong the bo qua.\n\nHinh anh hien thi ro net \nLG Gram 2023 16Z90R EAH75A5 so huu kich thuoc man hinh 16 inch voi do phan giai cao WQXGA (2560x1600). Tan so quet 60Hz cho kha nang chuyen doi hinh anh muot ma tren tung chi tiet. Do sang 350nits va DCI-P3 99% nang cap hien thi voi chat luong hinh anh tuong sang, chan thuc. Giai tri bang nhung tua game nhe hay xem nhung bo phim yeu thich deu tron ven tung giay tung phut.\n\nTy le man hinh 16:10 hoan hao giup ban quan sat toan bo thong tin tren man hinh LG 16Z90R EAH75A5 tot hon. Tiet kiem thoi gian cuon trang khi nghien cuu tai lieu. Tam nen IPS trang bi kha nang chong choi Anti-Glare dam bao hieu suat khi gap phai anh sang mat troi choi chang hay nhung noi co cuong do anh sang cao.\n\nHieu suat hoat dong cao \nLG Gram 2023 16Z90R EAH75A5 la chiec laptop hoc tap va lam viec the he moi. Su dung suc manh tu con chip Intel Core i7-1360P Gen 13 moi nhat. San sang moi thach thuc tu cong viec den giai tri. Card do hoa NVIDIA GeFore RTX 3050 4GB con ho tro chat luong xu ly khung hinh dep mat tren tung trai nghiem. \n\nToc do da nhiem tren LG Gram 2023 cung muot ma hon khi dong hanh cung la 16GB RAM LPDDR5 6000MHz. O cung 512GB SSD NVME mang den khong gian luu tru khong lo cho cac du lieu quan trong. Dong thoi ho tro viec khoi dong may nhanh hon nhung o HDD truyen thong.\n\nThoi luong pin cao\nSu dung vien pin dung luong cao 80WHr de mang den thoi gian lam viec tot cho ca mot ngay. LG Gram 2023 dam bao trai nghiem su dung khong day tot nhat tren nhung san pham laptop LG Gram cua ho.\n\nKet noi linh hoat \n16Z90R EAH75A5 du mong nhe nhung van trang bi day du cac cong ket noi pho bien. Ngoai nhung cong USB 3.2, Micro SD, hay jack tai nghe 3.5mm, HDMI thi laptop LG Gram 2023 con trang bi them giao dien 2 cong Thunderbolt 4. Ket noi nhieu hon, toc do nhanh hon cho qua trinh su dung lien mach.',10,'Laptop LG Gram 2023 16Z90R EAH75A5',49990000,'Laptop-LG-Gram-2023-16Z90R-EAH75A5',100,5,40,'https://product.hstatic.net/200000722513/product/lg-gram-16-2023_791f21c179bf4c76be39cc44fcc71c86_grande.png',1),(16,'ANKER','cu-sac','Nho nhung manh me\nAdapter Sac Anker 511 Charger Nano 3 30W 1 Cong Type-C A2147 - Bang cach thay silicon cho GaN, chung toi da co the lap cong suat 30W vao bo sac chi day 1,12 inch va nho hon 70% so voi bo sac 30W ban dau.\n\nSac moi thu\nDuoc nang cap voi cong suat dau ra 30W nen gio day ban co the sac tai nghe, dien thoai, may tinh bang va tham chi ca MacBook Air cua minh bang mot bo sac nho.\n\nSac toc do cao\nCung cap kha nang sac 30W toc do day du cho iPhone 13 Pro va Pro Max hoac tang cuong nang luong cho iPad Air (The he thu 5) cua ban len 50% chi trong 45 phut. Cung ho tro Samsung Super Fast Charging (25W).\n\nBao ve duoc nang cap voi ActiveShield 2.0\nCong nghe doc quyen cua Anker bao ve thiet bi cua ban bang cach theo doi nhiet do mot cach thong minh hon 3 trieu lan moi ngay — thuong xuyen gap doi so voi ActiveShield 1.0.\n\nCong nghe sac tien tien PowerIQ 3.0\nCong nghe sac moi nhat cua Anker khong chi giup toi uu cong suat cho thiet bi dau ra, ma con giup ban an tam khi thiet bi cua ban duoc sac day trong thoi gian som nhat.\n\nKha nang tuong thich\n- iPhone 14 / 14 Mini / 14 Pro / 14 Pro Max 13 / 13 Mini / 13 Pro / 13 Pro Max / 12 / 12 mini / 12 Pro / 12 Pro Max / iPhone SE (2nd generation) / 11 / 11 Pro / 11 Pro Max / XS / XS Max / XR / X / 8 Plus / 8;\n- iPad 10.2-inch/; iPad mini 8.3-inch/; iPad Pro 12.9-inch 4th / 3rd / 2nd / 1st generation; iPad Pro 11-inch 2nd / 1st generation; iPad Pro 10.5-inch; iPad Air 4th / 3rd generation; iPad 8th / 7th generation; iPad mini 5th generation,\n- Apple Watch, AirPods\n- Galaxy Z Flip; S10+ / S10 / S10e\n- Pixel 3 / 3XL / 4 / 4XL / 5, va cac thiet bi khac',18,'Adapter Sac Anker 511 Charger Nano 3 30W 1 Cong Type-C A2147',299000,'Adapter-Sac-Anker-511-Charger-Nano-3-30W-1-Cong-Type-C-A2147',376,4.1,330,'https://salt.tikicdn.com/cache/750x750/ts/product/5c/53/55/c0c8d580d49446600ed6f5eff6c7cb8a.jpg.webp',9),(17,'ANKER','cap-sac','Toc do sac nhanh\nCap Sac Lightning Anker Powerline II A8432 co duong kinh rong va cong nghe giam khang nen cho toc do sac nhanh nhat se giup ban truyen du lieu qua lai tu may tinh qua dien thoai mot cach on dinh nhat.\n\nManh hon cap thuong den 5 lan\nThe he dau tien cua Anker PowerLine co do ben gap 5 lan cap thong thuong, tuy nhien, Anker PowerLine II da len den mot buoc phat tren moi. Dau cap chiu duoc uon cong hon 12000 lan cung voi giat, xoan va nhieu thu nghiem kho khan khac.\n\nKich thuoc nho gon\nCap co thiet ke nho gon, do dai 0.9m tien dung cho ban ket noi nhanh chong voi cac thiet bi o gan ma khong bi vuong viu boi do dai cua day. Ngoai ra ban cung co the de dang bo trong balo, tui xach khi di ra ngoai.\n\nTuong thich voi nhieu thiet bi\nCap tuong thich voi cac thiet bi Apple nhu iPhone / iPad / Mini 2 / iPad 4 / iPad Mini / Mini 2 / iPad 4 / iPad / iPad / iPad Mini (The he thu 4), iPod nano (the he thu 7) va iPod touch (the he thu 5).',16,'Day Cap Sac Lightning Cho iPhone Anker PowerLine II 0.9m - A8432',220000,'Day-Cap-Sac-Lightning-Cho-iPhone-Anker-PowerLine-II-0.9m-A8432',1466,4.3,1000,'https://salt.tikicdn.com/cache/750x750/media/catalog/product/1/_/1.u4939.d20171025.t142224.647775.jpg.webp',8),(18,'Apple','dien-thoai','Noi dung quang cao\nGio day voi thiet ke titan nhe va ben chac, cung chip A17 Pro cho kha nang da nhiem khung. Bat tron nhung khoanh khac dac biet khi dang di chuyen voi he thong camera chuyen nghiep linh hoat hon. Va mot buoc nhay vot ve toc do truyen du lieu voi USB-C cung chuan USB 3.\n\nTinh nang noi bat\n- DUUC DUC TU TITAN — iPhone 15 Pro Max so huu thiet ke titan chuan hang khong vu tru, nhe va ben chac voi mat sau bang kinh nham. Mat truoc Ceramic Shield ben chac hon moi mat kinh dien thoai thong minh. Va co kha nang chong tia nuoc, chong nuoc va chong bui.1\n- MAN HINH TIEN TIEN — Man hinh Super Retina XDR 6,7\"2 voi ProMotion tang toc do lam moi len den 120Hz khi ban can den hieu nang do hoa vuot troi. Dynamic Island hien thi linh dong cac canh bao va Hoat Dong Truc Tiep. Dong thoi, voi man hinh Luon Bat, Man Hinh Khoa cua ban luon hien thi, nen ban tham chi khong can cham vao man hinh de cap nhat thong tin.\n- CHIP A17 PRO THAY DOI CUOC CHOI — GPU dang cap Pro dem toi do hoa muot ma hon cung anh sang chan thuc danh cho moi truong co do chi tiet cao. CPU nhanh hon xu ly nhung khoi luong cong viec phuc tap va cac ung dung kinh doanh mot cach de dang. A17 Pro co kha nang tiet kiem nang luong an tuong, mang den thoi luong pin ca ngay tuyet voi, giup ban thoai mai dung cho cong viec khi dang di chuyen.3\n- HE THONG CAMERA PRO MANH ME — So huu khung hinh linh hoat dang kinh ngac voi 7 ong kinh chuyen nghiep. Chup anh co do phan giai sieu cao voi nhieu mau sac va chi tiet hon bang camera Chinh 48MP. Va chup anh can canh sac net hon tu khoang cach xa hon voi camera Telephoto 5x tren iPhone 15 Pro Max.\n- NUT TAC VU CO THE TUY CHINH — Nut Tac Vu la cach nhanh chong den tinh nang yeu thich cua ban. Chi can dat thanh mot tac vu ban muon, chang han che do Im Lang, Camera, Ghi Am hoac Phim Tat va nhieu tac vu khac. Sau do nhan va giu de khoi chay tac vu do.\n- KET NOI PRO — Cong ket noi USB-C moi cho phep ban sac may Mac hoac iPad bang cung cap sac voi iPhone 15 Pro Max. Voi USB 3, ban se thay buoc nhay vot ve toc do truyen du lieu.4 Va ban co the tai xuong tap tin nhanh hon den 2x bang Wi-Fi 6E.5\n- CAC TINH NANG AN TOAN QUAN TRONG — Voi tinh nang Phat Hien Va Cham, iPhone co the phat hien va cham o to nghiem trong va goi tro giup khi can kip.6\n- DUUC THIET KE DE TAO NEN KHAC BIET — iPhone trang bi cac bien phap bao ve quyen rieng tu, cho ban quyen kiem soat du lieu cua minh. iPhone duoc lam tu nhieu vat lieu tai che hon de giam thieu tac dong toi moi truong. Va duoc tich hop nhung tinh nang giup iPhone de su dung hon cho tat ca moi nguoi.\n- DI KEM VOI BAO HANH APPLECARE — Moi iPhone deu duoc bao hanh gioi han trong mot nam va ho tro ky thuat mien phi trong toi da 90 ngay. Mua AppleCare+ de keo dai thoi han bao hanh.\n\nPhap ly\n- iPhone 15, iPhone 15 Plus, iPhone 15 Pro va iPhone 15 Pro Max co kha nang chong tia nuoc, chong nuoc va chong bui. San pham da qua kiem nghiem trong dieu kien phong thi nghiem co kiem soat dat muc IP68 theo tieu chuan IEC 60529 (chong nuoc o do sau toi da 6 met trong vong toi da 30 phut). Kha nang chong tia nuoc, chong nuoc va chong bui khong phai la cac dieu kien vinh vien. Kha nang nay co the giam do hao mon thong thuong. Khong sac pin khi iPhone dang bi uot. Vui long tham khao huong dan su dung de biet cach lau sach va lam kho may. Khong bao hanh san pham bi hong do tham chat long. \n- Man hinh co cac goc bo tron. Khi tinh theo hinh chu nhat chuan, kich thuoc man hinh theo duong cheo la 6,12 inch (iPhone 15 Pro, iPhone 15) hoac 6,69 inch (iPhone 15 Pro Max, iPhone 15 Plus). Dien tich hien thi thuc te nho hon.\n- Thoi luong pin khac nhau tuy theo cach su dung va cau hinh; truy cap de biet them thong tin.\n- Yeu cau cap USB 3 voi toc do 10Gb/s de dat toc do truyen nhanh hon den 20x tren cac phien ban iPhone 15 Pro.\n- Wi-Fi 6E kha dung tai cac quoc gia va khu vuc co ho tro.\n- iPhone 15 va iPhone 15 Pro co the phat hien va cham o to nghiem trong va goi tro giup. Yeu cau ket noi mang di dong hoac Cuoc Goi Wi-Fi.',14,'Apple iPhone 15 Pro Max',34990000,'Apple-iPhone-15-Pro-Max',100,5,89,'https://salt.tikicdn.com/cache/750x750/ts/product/0d/d1/5b/a2f8178b7207a9eed29515f0586e15bb.jpg.webp',2),(19,'Samsung','dien-thoai','Man hinh voi do sang thich ung lon nhat len den 2600 nit\nMat kinh Corning Gorilla Armor giup giam phan xa va cai thien do sac net cua hinh anh, ngay ca duoi anh sang mat troi truc tiep. Dong thoi cong nghe Vision Booster cai thien do tuong phan va mau sac cho kha nang hien thi ro net mang lai trai nghiem xem an tuong.\n\nKhung may ben bi tu titan\nVoi chat lieu titan cung cap tao nen khung may ben bi, ket hop voi kha nang chong tray xuoc vuot troi cua Kinh Corning Gorilla Armor, cung kha nang khang nuoc va bui dat chuan IP68, Galaxy S24 Ultra san sang dong hanh cung ban trong moi chuyen phieu luu.\n\nCam hung tu ve dep cua cac loai da thien nhien\nMoi mau sac lai duoc diem xuyet them ve mem mai cua satin, tao nen cam giac nhu mot vien da quy duoc danh bong that tinh xao.\n\nViet nen ky nguyen cong nghe moi cua S Pen\nMai mai mot huyen thoai Galaxy Note. Viet, cham va dieu huong voi do chinh xac nhu chinh ngon tay ban.\n\n200MP. Bat tron moi chi tiet chan thuc nhat\nDo phan giai MP cao nhat va duoc ho tro kha nang xu ly AI, Galaxy S24 Ultra thiet lap mot tieu chuan moi cho chat luong hinh anh moi khi ban chup.\n\nLuu lai nhung chi tiet tuyet dep cuc ki sac net voi so megapixel cao nhat tren dien thoai.\n\nProVisual chup dem van ro nhu ban ngay\nCong cu ProVisual nang cao nhan dang vat the — cai thien tong mau, giam nhieu va lam noi bat chi tiet dang kinh ngac.\n\nKich thuoc diem anh lon hon 1.6 lan va bien do dao dong OIS lon hon cho chat luong hinh anh va video sang ro hon den 60% va on dinh hon den 40%.\n\nChup chan dung dem an tuong an tuong hon nua voi AI do chieu sau cac lop anh va xu ly tin hieu chuyen dung Night Solution, bien nhung buc anh thanh “kiet tac” nghe thuat.\n\nPhong to cuc net, ngay ca ban dem\nVoi pixel lon hon 1,6 lan va Tele OIS rong hon, giup ghi lai hinh anh va video sang hon cung nhu on dinh hon. Ngay ca nhung doi tuong o xa cung tro nen an tuong ro rang bat chap tien canh va dieu kien sang, tu binh minh den hoang hon.\n\nChi can khoanh vung la tim duoc thong tin\nCach thuc moi de tim kiem la o day voi khoanh tron de tim kiem. Trong luc luot mang xa hoi yeu thich cua ban, hay su dung but S Pen hoac ngon tay cua ban de khoanh tron mot thu gi do va nhan ket qua Google Search.\n\nDang luot mang bong bat gap hinh anh mot loai cay dep ma ban chua thay bao gio? Chi viec khoang vung va ta-da, ban se nhan duoc ket qua tu Google Search ngay lap tuc. Tu gio tro di, ban co the tra cuu thong tin that de dang ma chang can roi khoi trang dang xem.\n\nLive Translate. Giao tiep de dang\nNho Phien dich Truc tiep, gio day ban co the nhan thong dich theo thoi gian thuc khi dang noi chuyen dien thoai.\n\nPha vo cac rao can ngon ngu nhu chua tung co - ngay ca khi nhan tin.\n\nLoi dap cua ban cung se duoc tu dong dich lai theo ngon ngu cua nguoi tiep nhan.\n\nTro chuyen da sac thai voi Tro ly Chat thong minh\nNhan tin cuc muot voi su ho tro cua AI Tro ly Chat thong minh.\n\nBan muon noi chuyen nhu the nao: kieu chuyen gia, kieu ban be than thiet, hay la xa giao khach sao? Tro ly Chat thong minh se dap ung cho ban het. De dang chuyen giong dieu tu \"Cai nay phai noi the nao day?\" den \"O sao minh khong nghi ra nhi?\" chi trong chop mat.\n\nTinh nang AI noi bat\nChi can khoanh vung la tim duoc thong tin, cho phep phien dich truc tiep cuoc goi, tom tat nhanh gon va sap xep thong tin moi ghi chu, va de dang chinh sua anh chuyen nghiep - tat ca tinh nang vuot bac nay deu duoc ho tro boi AI tren Galaxy S24 Ultra.\n\nTrai nghiem chien game sieu thuc\nToc do xu ly vuot bac can moi tua game yeu thich. Voi buong hoi Vapor Chamber lon gap doi, Galaxy S24 Ultra dem den trai nghiem do hoa muot vuot mong doi.',24,'Dien thoai AI Samsung Galaxy S24 Ultra, Camera 200MP Zoom 100x, S Pen',32990000,'Dien-thoai-AI-Samsung-Galaxy-S24-Ultra-Camera-200MP-Zoom-100x-S-Pen',20,5,14,'https://salt.tikicdn.com/cache/750x750/ts/product/ca/e3/2b/68f2b0cd84cca8b2f7e4f57124076b15.jpg.webp',2),(20,'NBAYOU','cu-sac','Thong Tin San Pham\n- Ten san pham : Sac Dung Phong Trong Suot 20000mAh\n- Kich thuoc san pham : 14 x 7 x 2.5 cm\n- Dung luong pin: 20000mAh\n- Man hinh den led trong suot voi 3 che do sang sieu dep\n- Man hinh led hien thi dung luong pin con lai\n- Input: DC 5V- 2.0A(max)\n- Output: DC 5V-2.1A(max)\n- Mau sac: Den, Vang, Trang\n- Voi thiet ke moi trong suot cuc dep va phong cach dem den trai nghiem moi la cho khach hang\n\nHuong Dan Su Dung\n- Dung luong len toi 20,000mAh cho kha nang sac smartphone tieu chuan len den 5 lan theo cong bo cua nha san xuat.\n- Trang bi 3 cong outputs gom 2 cong USB-A va 1 USB-C giup sac 2 thiet bi cung mot luc nhanh chong, tien dung.\n- Tich hop sac nhanh 2 chieu Input & Output voi cong USB-C Power Delivery giup sac nhanh cho cac thiet bi di dong tu 0% den 50% trong vong 30 phut.\n- Sac nhanh da nen tang (Multi protocol Fast Charging) - ho tro tat ca cac chuan sac nhanh cho/danh cho cac thiet bi di dong,…\n- Duoc trang bi chi bao LCD hien thi muc pin va tinh trang sac pin »Tich hop cong nghe Auto voltage sensing - tu dong cam bien dien ap giup tuong thich voi moi thiet bi di dong.',12,'Sac Du Phong 20000mAh Trong Suot Sac Sieu Nhanh, Man Hinh Led Thiet Ke Moi, 2 Cong USB Sac Nhanh, 1 Cong Sac Nhanh TypeC',275000,'Sac-Du-Phong-20000mAh-Trong-Suot-Sac-Sieu-Nhanh-Man-Hinh-Led-Thiet-Ke-Moi-2-Cong-USB-Sac-Nhanh-1-Cong-Sac-Nhanh-TypeC',892,4.7,578,'https://salt.tikicdn.com/cache/750x750/ts/product/28/8e/39/9738044df7232de33673259d6e69cee4.jpg.webp',9),(21,'Asus','laptop','Laptop Asus Zenbook 14 OLED UM3402YA-KM405W so huu suc manh dinh cao voi vi xu ly AMD Ryzen 5 - 7530 2.0 GHz, RAM 16GB LPDDR4X on dinh trong moi tac vu. Voi o SSD 512GB M.2 NVMe™ PCIe® 3.0, Zenbook 14 dam bao dung luong lon de luu tru du lieu. Man hinh laptop Asus Zenbook 14\" NanoEdge OLED 2.8K cua may mang lai trai nghiem hien thi tuyet voi voi kha nang loc anh sang xanh den 70%.',10,'Laptop ASUS Zenbook 14 OLED UM3402YA-KM405W',20490000,'Laptop-ASUS-Zenbook-14-OLED-UM3402YA-KM405W',100,4,100,'https://cdn2.cellphones.com.vn/x/media/catalog/product/t/e/text_ng_n_17__4_9.png',1),(22,'Apple','laptop','Macbook Air M3 15 inch 2024 dem lai trai nghiem dot pha nho duoc trang bi CPU Apple M3 8 loi va GPU 10 loi the he moi, ket hop cung RAM 8GB va 256GB SSD. Ve kha nang hien thi, Macbook Air M3 2024 cung duoc danh gia cao voi man hinh 15.3 inch su dung cong nghe True Tone, cung camera FaceTime HD 1080p va he dieu hanh MacOS sieu muot ma. Dac biet hon, Mac Air M3 15 inch 2024 con ghi diem voi Wi-Fi 6E va cong nghe am thanh Dolby Atmos, giup cai thien dang ke trai nghiem ket noi va giai tri.',15,'Macbook Air M3 15 inch 2024 8GB - 256GB | Chinh hang Apple Viet Nam',32990000,'Macbook-Air-M3-15-inch-2024-8GB-256GB',50,5,25,'https://cdn2.cellphones.com.vn/insecure/rs:fill:358:358/q:90/plain/https://cellphones.com.vn/media/catalog/product/m/a/macbook_air_m3_16gb.png',1),(23,'Lenovo','laptop','Lenovo Ideapad Slim 5 Light 14ABR8-82XS002JVN la mot laptop van phong dang chu y voi trong luong nhe 1.17 kg va do mong chi 324.1 x 215.7 x 17.1 mm. Laptop nay duoc trang bi bo vi xu ly AMD Ryzen 7 7730U va RAM 16GB, giup kha nang xu ly nhanh chong va hieu qua cho cong viec van phong va hoc tap. Diem manh cua laptop Lenovo Ideapad nay la dung luong luu tru o cung SSD 512GB, giup nguoi dung luu tru du lieu cong viec mot cach thuan tien.',20,'Laptop Lenovo Ideapad Slim 5 Light 14ABR8 82XS002JVN',15990000,'Laptop-Lenovo-Ideapad-Slim-5-Light-14ABR8-82XS002JVN',250,3,150,'https://cdn2.cellphones.com.vn/insecure/rs:fill:358:358/q:90/plain/https://cellphones.com.vn/media/catalog/product/l/a/laptop-lenovo-ideapad-slim-5-light-14abr8-82xs002jvn.jpg',1),(24,'Apple','tai-nghe','Airpods Pro 2 Type-C voi cong nghe khu tieng on chu dong mang lai kha nang khu on len gap 2 lan mang lai trai nghiem nghe - goi va trai nghiem am nhac an tuong. Cung voi do, dien thoai con duoc trang bi cong nghe am thanh khong gian giup trai nghiem am nhac them phan song dong. Airpods Pro 2 Type-C voi cong sac Type C tien loi cung vien pin mang lai thoi gian trai nghiem len den 6 gio tien loi.',30,'Tai nghe Bluetooth Apple AirPods Pro 2 2023 USB-C | Chinh hang Apple Viet Nam',5690000,'Tai-nghe-Bluetooth-Apple-AirPods-Pro-2-2023-USB-C',100,3.5,50,'https://cdn2.cellphones.com.vn/insecure/rs:fill:0:358/q:90/plain/https://cellphones.com.vn/media/catalog/product/a/p/apple-airpods-pro-2-usb-c_8_.png',5),(25,'Sony','tai-nghe','Tai nghe khong day Sony WF-1000XM5 la su lua chon hoan hoa giup ban giai toa ap luc, cang thang sau gio lam viec hay cho ban dam chim vao nhung ban nhac ma minh yeu thich. Mang trong minh cong nghe chong on toi tan nhat thoi diem hien tai, tai nghe nhet tai nay cho ra chat luong am thanh chan thuc mot cach dang kinh ngac.',15,'Tai nghe Bluetooth True Wireless Sony WF-1000XM5',5590000,'Tai-nghe-Bluetooth-True-Wireless-Sony-WF-1000XM5',250,4.5,200,'https://cdn2.cellphones.com.vn/insecure/rs:fill:0:358/q:90/plain/https://cellphones.com.vn/media/catalog/product/t/a/tai-nghe-khong-day-sony-wf-1000xm5-6_1.png',5),(26,'Apple','dien-thoai','iPhone 15 Pro Max 512GB la an pham smartphone moi cua Apple, noi bat voi bo nho trong len den 512GB, cung cap kha nang ghi nho, luu tru khong gioi han. Ben canh do, the he iPhone moi nay cung dac biet mang toi nhung trai nghiem sieu muot ma trong moi tac vu nho duoc ke thua suc manh xu ly tu con chip A17 Pro. Chua het, may con di kem voi cum ba camera sau 48MP ho tro chup dem va quay phim chuyen nghiep, giup nang tam kha nang nhiep anh cua nguoi dung.',0,'iPhone 15 Pro Max 512GB | Chinh hang VN/A',37490000,'iPhone-15-Pro-Max-512GB',100,4.5,200,'https://cdn2.cellphones.com.vn/insecure/rs:fill:0:358/q:90/plain/https://cellphones.com.vn/media/catalog/product/i/p/iphone-15-pro-max_5.png',2),(27,'Samsung','dien-thoai','Samsung S24 Ultra la sieu pham smartphone dinh cao mo dau nam 2024 den tu nha Samsung voi chip Snapdragon 8 Gen 3 For Galaxy manh me, cong nghe tuong lai Galaxy AI cung khung vien Titan dang cap hua hen se mang toi nhieu su thay doi lon ve mat thiet ke va cau hinh. SS Galaxy S24 ban Ultra so huu man hinh 6.8 inch Dynamic AMOLED 2X tan so quet 120Hz. May cung so huu camera chinh 200MP, camera zoom quang hoc 50MP, camera tele 10MP va camera goc sieu rong 12MP.',20,'Samsung Galaxy S24 Ultra 12GB 256GB',26390000,'Samsung-Galaxy-S24-Ultra-12GB-256GB',175,4,170,'https://cdn2.cellphones.com.vn/insecure/rs:fill:0:358/q:90/plain/https://cellphones.com.vn/media/catalog/product/s/a/samsung-galaxy-s24-ultra_9_.png',2),(28,'Apple','dong-ho-thong-minh','Apple Watch SE 2023 40mm (GPS) voi trang bi man hinh Retina cho hien thi vo cung sac net cung kinh cuong luc vo cung chac chan, sang trong va cuc ky dep mat. Kich thuoc dong ho la 44mm nho gon cung day deo cao su em ai. San pham Apple Watch SE 2023 duoc tich hop chip S8 SiP manh me, thoi gian su dung len den 18 gio.',25,'Apple Watch SE 2 2023 40mm (GPS) vien nhom | Chinh hang Apple Viet Nam',5890000,'Apple-Watch-SE-2-2023-40mm',50,5,125,'https://cdn2.cellphones.com.vn/insecure/rs:fill:0:358/q:90/plain/https://cellphones.com.vn/media/catalog/product/2/a/2apple-watch-se-2023-40mm-vien-nhom-day-silicone-xanh-den-2.jpg',4),(29,'Samsung','dong-ho-thong-minh','Samsung watch 6 44mm chinh la su quan tam hang dau cua nhung nguoi dung yeu thich cac dong san pham dong ho thong minh hien nay. The he thu 6 da ke thua va cai tien rat tot phong cach thiet ke sang trong cung nhung tinh nang cao cap tu cac the he truoc. Chinh vi vay ma dong ho lan nay rat duoc ky vong se tiep tuc tro thanh mot sieu pham lam nuc long nguoi dung.',15,'Dong ho Samsung Galaxy Watch6 44mm',4390000,'Dong-ho-Samsung-Galaxy-Watch6-44mm',75,4.5,25,'https://cdn2.cellphones.com.vn/insecure/rs:fill:0:358/q:90/plain/https://cellphones.com.vn/media/catalog/product/s/m/sm-r930_001_front_graphite_2.png',4),(30,'Asus','man-hinh','Man hinh Gaming ASUS TUF 24 VG249Q3A 24 inch so huu kich thuoc lon tren tam nen Fast IPS moi voi tan so quet len den 180Hz. Hon het man hinh Asus nay con co gam mau cuc chuan 99% sRGB, nen khong chi uu viet cho choi game ma con xu ly cong viec do hoa muot ma.',10,'Man hinh Gaming ASUS TUF VG249Q3A 24 inch',3490000,'Man-hinh-Gaming-ASUS-TUF-VG249Q3A-24-inch',15,4.5,50,'https://cdn2.cellphones.com.vn/insecure/rs:fill:0:358/q:90/plain/https://cellphones.com.vn/media/catalog/product/m/a/man-hinh-gaming-asus-tuf-vg249q3a-24-inch_6_.png',7),(31,'Apple','may-tinh-bang','iPad mini. Thiet ke man hinh toan phan voi man hinh Liquid Retina 8.3 inch.1 Chip A15 Bionic manh me voi Neural Engine. Camera truoc Ultra Wide 12MP voi tinh nang Trung Tam Man Hinh. Cong ket noi USB-C. 5G sieu nhanh.2 Ghi chu, danh dau tai lieu hoac nam bat ngay khi nhung y tuong lon xuat hien trong dau voi Apple Pencil (the he thu 2). But gan ket bang nam cham va sac khong day.3\n\nTinh nang noi bat\nMan hinh Liquid Retina 8.3 inch tuyet dep voi True Tone va dai mau rong1\nChip A15 Bionic voi Neural Engine\nXac thuc bao mat voi Touch ID\nCamera sau Wide 12MP, camera truoc Ultra Wide 12MP voi tinh nang Trung Tam Man Hinh\nHien co mau Tim, Anh Sao, Hong va Xam Bac\nLoa stereo o canh tren va canh duoi\nMang 5G cho toc do tai xuong, xem video va nghe nhac truc tuyen nhanh nhu chop2\nLuon ket noi voi Wi-Fi 6 sieu nhanh\nThoi luong pin len toi 10 gio4\nCong ket noi USB-C de sac va ket noi phu kien\nTuong thich voi Apple Pencil (the he thu 2)3\niPadOS 15 so huu suc manh doc dao, de su dung va duoc thiet ke cho tinh da nang cua iPad.',0,'Apple iPad mini (6th Gen) Wi-Fi, 2021',11490000,'Apple-iPad-mini-(6th-Gen)-Wi-Fi-2021',402,4.7,170,'https://salt.tikicdn.com/cache/750x750/ts/product/49/75/99/2219ae33da6fb87ec3231dae0e752b3a.jpg.webp',3),(32,'Garmin','dong-ho-thong-minh','Dong ho Garmin Forerunner 165 la dong san pham duoc toi uu de ho tro viec luyen tap chuyen sau va cac van dong vien chuyen nghiep. Voi man hinh lon, do sang cao cung 5 phim bam vat ly, nguoi dung se luon co duoc kha nang dieu khien chinh xac, tien loi. Mau Garmin Forerunner chay bo cua Garmin con so huu thoi luong hoat dong len toi 11 ngay de su dung thoai mai trong nhieu ngay ma khong lo het pin.\n\nVi sao nen mua dong ho thong minh Garmin Forerunner 165?\nLa phien ban moi duoc ra mat, dong ho Forerunner 165 co nhung diem gi noi bat de xung dang tro thanh tro thu dac luc cho bo mon chay bo chuyen nghiep?\n\n- Thiet ke truyen thong kem man hinh lon: Garmin 165 so huu mat dong ho tron co do sang cao, kich thuoc lon toi 1,2 inch. Di kem la 5 phim bam vat ly de dam bao viec dieu khien luon dien ra chinh xac, tien loi\n\n- Toi uu cho viec luyen tap: Cac cam bien va chuong trinh luyen tap tren Garmin Forerunner 165 duoc thiet ke danh rieng cho nguoi chay bo va van dong vien\n\n- Dung luong pin lon: Dong ho thong minh moi  so huu vien pin co dung luong lon, du de thiet bi co the hoat dong lien tuc toi 11 ngay\n\n- Tich hop nhieu tinh nang tien loi: Dong ho con duoc tich hop san nhieu tinh nang tien loi nhu livetrack, phat canh bao khan cap, thong bao thong minh, thanh toan khong tiep xuc qua Garmin Pay,...\nGarmin Forerunner 165 - Tro thu dac luc cho mon chay bo chuyen nghiep\nDong ho thong minh Garmin Forerunner 165 duoc toi uu de danh rieng cho nhom doi tuong nguoi dung yeu thich chay bo va cac van dong vien chuyen nghiep. San pham duoc trang bi mot trong nhung mat dong ho co do sang cao nhat hien nay de luon dam bao duoc kha nang hien thi ro net. Dong thoi, dong ho con so huu thoi luong hoat dong an tuong de nguoi dung giam bot phien toai do phai sac pin lien tuc.\n\nThiet ke mat tron voi voi man hinh AMOLED kich thuoc lon, sac net\nDong ho Forerunner 165 duoc thiet ke voi mat dong ho tron truyen thong. Voi thiet ke nay, dong ho se phu hop de su dung voi moi do tuoi va gioi tinh. Xung quanh vien bezel, Garmin con trang bi toi 5 phim bam vat ly de ho tro nguoi dung dieu khien chinh xac hon trong qua trinh luyen tap.\nDiem nhan trong thiet ke cua Garmin 165 chinh la man hinh AMOLED co kich thuoc 1,2 inch giup mang toi khong gian hien thi thoai mai cho nguoi dung. Man hinh cua phien ban dong ho Forerunner 165 con co do sang cao de co the de dang su dung o moi truong ngoai nang. Di kem la kha nang khang nuoc chuan 5ATM de phu hop voi cac buoi tap cuong do cao khien nguoi dung do nhieu mo hoi.\n\nThoi luong hoat dong ben bi toi 11 ngay\nDong ho Garmin Forerunner 165 so huu cho minh mot vien pin co dung luong lon de co the hoat dong lien tuc toi 11 ngay. Con voi che do tiet kiem pin, dong ho 165 cua Garmin co the hoat dong toi da len den 20 ngay chi voi duy nhat mot lan sac. Dieu nay giup cho nguoi dung co the su dung dong ho cho viec luyen tap mot cach thoai mai trong thoi gian dai.\nNgay ca voi cac hoat dong the thao yeu cau thu thap du lieu thong qua GPS hay cac he thong dinh vi khac, dong ho Garmin Forerunner 165 van co the hoat dong trong khoang thoi gian tu 17 gio den 19 gio. Thoi gian nay du de nguoi dung co the su dung mau dong ho thong minh moi cua Garmin cho cac hoat dong the thao ngoai troi nhu di trekking, chay duong truong, di da ngoai.',0,'Dong ho thong minh Garmin Forerunner 165',6690000,'Dong-ho-thong-minh-Garmin-Forerunner-165',100,4.5,40,'https://cdn2.cellphones.com.vn/insecure/rs:fill:0:358/q:90/plain/https://cellphones.com.vn/media/catalog/product/t/e/text_ng_n_-_2024-03-07t223511.209.png',4),(33,'Samsung','dong-ho-thong-minh','Samsung watch 6 44mm chinh la su quan tam hang dau cua nhung nguoi dung yeu thich cac dong san pham dong ho thong minh hien nay. The he thu 6 da ke thua va cai tien rat tot phong cach thiet ke sang trong cung nhung tinh nang cao cap tu cac the he truoc. Chinh vi vay ma dong ho lan nay rat duoc ky vong se tiep tuc tro thanh mot sieu pham lam nuc long nguoi dung.\n\nThiet ke dep mat, sang trong tao nen su noi bat\nSamsung Galaxy watch 6 44mm van duy tri duoc cho minh mot thiet ke voi ve ngoai day dang cap va thu hut tuong tu nhu nhung the he truoc. Mat dong ho Samsung duoc lam tu tinh the Sapphire mang tinh tham my, thanh lich cao. Dac biet o phien ban co dien cua dong sieu pham nay con trang bi khung vien nhom Armor Aluminum nang cao kha nang chong va dap hieu qua.\nChipset manh me, bo nho on dinh\nVoi nhung hua hen cho mot phien ban ke thua va cai tien day hoan hao. San pham Samsung Galaxy watch 6 lan nay se duoc mang mot bo khung ky thuat ma thong so cua no khien nhieu chiec dong ho thong minh khac phai ao uoc.\nDau tien phai ke den chinh la con chipset mang ten Exynos W930 SoC so huu suc manh lon gap nhieu lan so voi W920 tren cac dong cu truoc do. Va di kem con co la 2 GB Ram va 16 GB bo nho luu tru trong de toi uu hoa hieu qua cho trai nghiem cua nguoi su dung.\n\nKha nang ket noi va lam viec day hieu qua\nGalaxy watch 6 44mm den se duoc ho tro ket noi voi nhieu hinh thuc hon de giup tang su tien dung cho nguoi dung khi su dung. Mot so phuong thuc quen thuoc nhu  Wifi, Bluetooth, LTE se duoc ban de dang tim thay tren con sieu pham nay.\nNgoai ra cac tinh nang tu co ban den cao cap de giup ban duy tri va nang cao suc khoe van dong cua minh dua tren viec theo doi cac thong so do duoc tren chiec dong ho nay cung se duoc ho tro kem theo. Cac chi tieu SPO2, nhip tim, huyet ap, phan tich thanh phan co the, thoi luong ngu,… deu tich hop day du va chinh xac nhat.',0,'Dong ho Samsung Galaxy Watch6 44mm',4340000,'Dong-ho-Samsung-Galaxy-Watch6-44mm',200,4.2,70,'https://cdn2.cellphones.com.vn/insecure/rs:fill:0:358/q:90/plain/https://cellphones.com.vn/media/catalog/product/s/m/sm-r930_001_front_graphite_2.png',4),(34,'Samsung','dong-ho-thong-minh','Dong ho Samsung Galaxy Fit 3 thiet ke thanh manh, gon gang, man hinh AMOLED 1.6 inch, trong luong chi 36.8g, khang nuoc 5ATM va bui IP68 cung vien pin 208mAh keo dai den 13 ngay an tuong tich hop sac khong day.\n\nVi sao nen mua dong ho Samsung Galaxy Fit 3?\nDong ho thong minh dang ngay cang duoc ua chuong va co nhieu ly do ma ban nen so huu mot chiec dong ho Galaxy Fit 3, cu the:\n\n- Thiet ke tre trung, nho gon tua mot chiec vong deo tay cung chat lieu cao cap va co chuan khang nuoc 5ATM, chong bui IP68;\n\n- Dong ho Samsung Fit 3 duoc trang bi vien pin nang cap voi thoi luong len den 13 ngay;\n\n- Dong ho con duoc trang bi cac cam bien tien tien voi kha nang do chi so chuan xac, theo doi nhip tim 24/7, theo doi giac ngu, cam bien SpO2,….;\n\n- Ho tro hon 100 che do luyen tap, giup nguoi dung nang cao suc khoe\nGalaxy Fit 3 – Thoi luong pin an tuong cho trai nghiem xuyen suot\nDong ho Samsung Galaxy Fit 3 la mau dong ho ke nhiem Galaxy Fit 2 so huu nhieu nang cap hua hen. Khong chi trang bi cam bien co do chuan xac tot hon, dong ho con duoc nang cap manh ve pin de cho ban yen tam su dung trong nhieu tuan lien.\n\nThiet ke gon nhe, tinh gian va kha nang khang nuoc 5ATM, khang bui IP68\nDong ho Galaxy Fit 3 co su thay doi ve mat thiet ke khi so huu mat dong ho dang chu nhat, man hinh  1.6 inch cung trong luong chi 36.8g. Voi thiet ke thanh manh, gon gang dong ho Galaxy Fit 3 cung chinh la mot mon phu kien hien dai.\nDong ho cung co vo nhom cao cap cung cac mau sac sang trong, thanh lich hon nhu Hong, Den, Bac,….Phan man hinh co kich thuoc lon hon Fit 2 tien nhiem voi man hinh AMOLED 1.6 inch, do phan giai 256x402 pixel, de giup ban de dang quan sat duoc nhieu thong tin tren thiet bi.\n\nCung voi do, thiet bi con co do khang nuoc 5ATM, khang bui IP68 nen ban cung co the su dung dong ho de di mua, boi loi,….\nTuy nhien, hang van khuyen nghi ban khong nen de dong ho tiep xuc truc tiep duoi nuoc nong, hoa chat, khong nen bam nut dieu khien khi dang o duoi nuoc,…de dam bao do ben.\n\nDong ho Galaxy Fit 3 so huu pin dai den 13 ngay\nMot diem duoc nang cap manh me tren dong ho Samsung Galaxy Fit 3 do chinh la thoi luong pin. Tren Fit 3, thoi luong pin keo dai den 13 ngay sau mot lan sac day voi vien pin 208mAh.\nVoi con so an tuong nay, Galaxy Fit 3 duoc danh gia la cho thoi luong pin tot hon so voi pin thong thuong cung phan khuc gia. Ben canh do, Fit 3 cung co toc do sac nhanh chong, sac day trong thoi gian ngan.\n\nCham soc suc khoe voi day du nhung cam bien, ket noi Bluetooth 5.3 on dinh\nTren dong ho Samsung Galaxy Fit 3, hang cung trang bi nhung cam bien hien dai va duoc nang cap de giup do dac cac chi so co the mot cach chuan xac hon. Cu the, dong ho co the do nhip tim 24/7 theo thoi gian thuc, theo doi giac ngu, do SpO2, theo doi chi so tap luyen the thao,….',0,'Dong ho Samsung Galaxy Fit 3',1390000,'Dong-ho-Samsung-Galaxy-Fit-3',300,5,210,'https://cdn2.cellphones.com.vn/insecure/rs:fill:0:358/q:90/plain/https://cellphones.com.vn/media/catalog/product/s/a/samsung_3.png',4),(35,'JBL','loa','JBL Charge 5 – Sieu pham loa di dong the he moi, chat am vuot troi o moi khong gian\nTiep noi su thanh cong cua nguoi tien nhiem, dong loa huyen thoai loa JBL Charge 5 voi su thay doi manh me ca ve thiet ke lan cong nghe am thanh mang den chat luong am thanh vuot troi du la ngoai troi hay trong nha. La san pham loa bluetooth dong hanh cung ban o moi cuoc vui.\n\nThiet ke manh me, ho tro khang nuoc, chong bui tieu chuan IP67\nGiu nguyen phan thiet ke da lam nen thuong hieu dong Charge huyen thoai, JBL Charge 5 mang den ve be ngoai duoc trau chuot them tao them an tuong manh me cho nguoi dung khi lan dau tien nhin thay.\nCu loa thiet ke moi mang den chat luong am thanh to va ro rang\nCharge 5 su dung cu loa moi voi ten goi “Racetrack-shaped driver” tang tiet dien loa, giup the hien am sac voi bien do rong hon.\nCung voi do la 2 loa tweeter va mang rung thu dong JBL Bass Radiators giup tang cuong am bass voi do sau tot hon, dai cao duoc cai thien sang ro hon so voi nguoi tien nhiem.\n\nDung luong pin len den 7500mAh, ho tro sac cho cac thiet bi di dong\nMang den cho nguoi dung kha nang giai tri bat tan voi hon 20 gio su dung nho vien pin 7500mAh ben trong loa bluetooth JBL Charge 5. Ngoai ra thong qua cong USB duoc tich hop san, ban co the su dung loa nhu mot vien pin du phong de cung cap them nang luong cho cac chiec smartphone cua minh.\nTiec vui them ron ra voi cong nghe PartyBoost ket noi khong gioi han voi cac loa khac\nCong nghe PartyBoost doc quyen tu JBL giup ban ghep hai hay nhieu loa co ho tro cong nghe nay voi nhau de tang them cong suat phat, tu do giup bua tiec cua ban cang them soi dong.\nJBL Charge 5 tich hop cong nghe ket noi khong day Bluetooth 5.1 giup ket noi nhanh va on dinh, truyen tai am thanh khong day voi chat luong tot cho nguoi nghe.',0,'Loa Bluetooth JBL Charge 51',3790000,'Loa-Bluetooth-JBL-Charge-5',26,4.8,11,'https://cdn2.cellphones.com.vn/insecure/rs:fill:358:358/q:90/plain/https://cellphones.com.vn/media/catalog/product/g/r/group_211.png',10),(36,'Garmin','dong-ho-thong-minh','Dong ho thong minh Garmin Forerunner 55 – Em ut nha Garmin\nBan da qua quen thuoc voi cac thiet bi dong ho deo tay cao cap dat tien cua Garmin, nhung lan nay con gi tuyet hon khi ban duoc trai nghiem toan bo tinh nang hap dan tren chiec dong ho thong minh Garmin Forerunner 55 voi so huu muc gia chi roi vao tu 200 do.\n\nThiet ke tinh gian hon, nang cap ve phan mem\nNham giup nguoi dung tro nen thanh lich hon voi mau ma khong con qua ham ho nhu xua, dong ho thong minh Garmin Forerunner 55 duoc got bot phan than vo sao cho goc canh hon, trong noi bat hon voi kieu dang cung cap va bat mat hon. Nguoi dung co the tinh chinh bang cach thao lap day ra va doi moi ve ngoai neu ban cam thay chan.\nTich hop nhung tinh nang noi bat\nNham giup dap ung day du va tang cuong trai nghiem nguoi dung, dong ho thong minh Garmin so huu nhieu tinh nang tu co ban den nang cao bao gom: tinh nang goi y bai tap the thao moi ngay, tinh nang chay vong lap ho tro cho cac van dong vien nham do dac thong so chinh xac hon va do buoc chay trong thoi gian thuc.\nNgoai ra, chiec dong ho thong minh gia re den tu Garmin con duoc trang bi them tinh nang ho tro cho nguoi tap luyen va cu the la nguoi di bo voi lich trinh do quang duong da duoc thiet lap tu truoc. Ben canh do, no con duoc nang cap them thoi luong pin voi thoi gian su dung voi 20 gio khi su dung tinh nang GPS va 14 ngay voi thiet lap binh thuong.',0,'Dong ho thong minh Garmin Forerunner 55',5020000,'Dong-ho-thong-minh-Garmin-Forerunner-55',120,4.7,17,'https://cdn2.cellphones.com.vn/insecure/rs:fill:0:358/q:90/plain/https://cellphones.com.vn/media/catalog/product/d/o/dong-ho-thong-minh-garmin-forerunner-55-1.jpg',4),(37,'Garmin','dong-ho-thong-minh','La chiec dong ho duoc thiet ke theo phong cach the thao. Do do, Garmin Forerunner 965 cuc ky chu trong vao viec tich hop nhieu che do luyen tap da dang va vien pin voi dung luong “trau” de moi nguoi su dung thoai mai hon. Man hinh kich thuoc 1.4 inch cung tam nen AMOLED mang den nheu khong gian hien thi va hinh anh ruc ro, sac net. Cung CellphoneS tim hieu them ve chiec dong ho Garmin vua moi ra mat nay nhe.\n\nDong ho Garmin Forerunner 965 - Pin “trau”, che do luyen tap da dang\nMan hinh AMOLED sac net\nVoi kieu dang mat dong ho tron, Forerunner 965 so huu kich thuoc lon dat 1.4 inch xung quanh duoc bao boc boi mot khung bezel titan moi. Dieu do da gop phan giup dong ho co duoc khong gian hien thi mo rong, nguoi dung co the xem duoc nhieu thong bao hon ma khong can phai cuon luot lien tuc. \nDi kem voi do la trang bi tam nen AMOLED co do phan giai 454 x 454 px. Tu do, thiet bi co kha nang hien thi mau sac chan thuc va co phan ruc ro hon. Dac biet, tam nen AMOLED con ho tro chong choi nen co the quan sat tot ngay khi dung duoi anh nang mat troi. \n\nDung luong pin len den 23 ngay, man hinh cam ung va nut bam sieu nhay\nVoi vien pin lon, dong ho Garmin 965 duoc nang len thoi gian trai nghiem den 31 gio khi dung o che do chi GPS khong co nhac. Thoi luong do con co the keo dai lien tuc 23 ngay khi dung o che do dong ho thong minh. Do do, ban co the tu tin su dung khi di du lich hoac da ngoai ma khong can lo lang bi gian doan.\nNgoai kha nang hien thi sac net tren be mat rong hon thi dong ho Garmin Forerunner 965 con tich hop tinh nang cam ung cho man hinh, giup ban de dang thao tac. Ben canh do, thiet bi cung trang bi 5 nut cung vat ly sieu nhay, ho tro ban dieu khien trong khi tay uot hoac ra mo hoi khien cam ung khong dung duoc.\n\nHon nua, mat dong ho con duoc bao ve ben bi boi lop kinh cuong luc Corning Gorilla 3 DX. Do do, dong ho duoc bao ve lau dai hon, chong xuoc va giam thieu cac tac dong do ngoai luc tu ben ngoai.\n\nXay dung ke hoach tap luyen voi cac tinh nang vuot troi\nKhong chi dem den thoi luong pin “khoe” ma dong ho Forerunner 965 con cung cap den ban mot ke hoach tap luyen voi nhieu bai tap da dang.  Trong do, thiet bi se ho tro tap luyen tim mach, tap luyen suc manh, tap luyen HIIT (giam mo toan than), tap Yoga, tap luyen Pilates,...cung nhieu mon the thao khac nhau, de ban ren luyen suc khoe moi ngay.\nDi kem ho tro cho cac che do tap luyen la cac tinh nang theo doi suc khoe thong minh vuot troi duoc Garmin Forerunner 965 trang bi hang loat. Dien hinh nhu do dien tim tam do, do do bao hoa oxy trong mau, dem so buoc di va phat hien som cac chi so bat thuong hay theo doi chu ky kinh nguyet.\nBan do tich hop voi GPS Multiband va SatIQ\nHuong den nguoi dung dam me the thao, dong ho Garmin Forerunner 965 da tich hop ban do voi cong nghe SatIQ, voi day mau sac de giup ban di dung huong, chinh phuc duoc moi cung duong o bat ky dau tren map ma khong can lo lang bi lac.\nDong thoi, thiet bi cung se co them tinh nang phat hien su co di kem de ho tro gui vi tri den cac so dien thoai thiet lap san, nen ban co the yen tam kham pha.\nThiet ke Garmin Forerunner 965 nang dong cung vien titan an tuong\nThiet ke cua Garmin Forerunner 965 mang ve nang dong nhung vo cung manh me. Cung voi do la phan day deo bang silicon mem deo, tao do thoai mai, thoang khi de thoai mai deo ca ngay dai ma khong lo bi nong bi. \nKhung vien cua dong ho duoc lam bang chat lieu titan ben bi, khong lo gi set an tuong. Thiet bi se con cung cap den nguoi dung 3 su chon lua mau sac la den, trang va vang. Dong thoi, san pham con duoc trang bi chuan chong nuoc 5ATM. Do do, ban co the deo Garmin 965 khi rua tay hoac di mua nhe ma van an toan cho thiet bi.',0,'Dong ho thong minh Garmin Forerunner 965',15660000,'Dong-ho-thong-minh-Garmin-Forerunner-965',202,4.9,121,'https://cdn2.cellphones.com.vn/insecure/rs:fill:0:358/q:90/plain/https://cellphones.com.vn/media/catalog/product/g/a/garmin-forerunner-965-den-1.jpg',4),(38,'ViewSonic','man-hinh','Man hinh ViewSonic VA2209-H 100Hz 22 inch - Chat luong hinh anh dep, toi uu cho nhieu muc dich\nMan hinh ViewSonic VA2209-H 100Hz 22 inch giup ban tan huong mau sac phong phu voi do sang on dinh den tu moi goc nhin. Voi nhieu cong nghe ho tro tien tien khac, mau man hinh ViewSonic se co muc tieu thu dien nang thap de ban thoai mai su dung cho nhieu nhu cau khac nhau.\n\nHien thi Full HD sac net o moi goc nhin, tan so quet 100Hz\nMan hinh ViewSonic VA2209-H 100Hz 22 inch so huu do phan giai Full HD 1080p. Dieu nay ket hop cung cong nghe SuperClear IPS se giup ban trai nghiem duoc khung hinh hien thi ro net va do chi tiet dang kinh ngac voi goc nhin rong toi 178 do.\nVoi toc do lam moi 100Hz, man hinh con cho ra nhung chuyen dong hinh anh muot ma, lien mach tuyet voi ngay ca o cac hanh dong nhanh. Them vao do, man hinh con duoc ViewSonic cung cap hang loat cac cai dat theo tung noi dung nhu Game/Movie//Text/Web,... voi do tuong phan va do sang toi uu theo nhieu muc dich.\n\nThiet ke 3 canh khong vien, giam hien tuong xe hinh\nMan hinh ViewSonic VA2209-H 100Hz 22 inch duoc lam voi thiet ke 3 canh khong vien, ho tro thiet lap nhieu man hinh mot cach lien mach. Ket hop voi do la cong nghe Flicker Free / Blue Light Filter loc anh sang xanh, han che moi mat.\nBen canh do, ViewSonic con tich hop them cong nghe Adaptive Sync de giam thieu hien tuong xe hinh. Tu do, o toc do khung hinh nhanh thi noi dung van duoc hien thi, chuyen dong muot va han che mo nhoe.',0,'Man hinh ViewSonic VA2209-H 100Hz 22 inch',1890000,'Man-hinh-ViewSonic-VA2209-H-100Hz-22-inch',202,3.7,12,'https://cdn2.cellphones.com.vn/insecure/rs:fill:0:358/q:90/plain/https://cellphones.com.vn/media/catalog/product/m/a/man-hinh-viewsonic-va2209-h-100hz-22-inch.png',7),(39,'Samsung','may-tinh-bang','DAC DIEM NOI BAT\nGalaxy AI tien ich - Ho tro dich, tom tat van ban, chinh sua anh thong minh va dich am thanh\nSong dong va sac net moi khung hinh - Man hinh 14.6 inch Dynamic AMOLED 2X,Tan so quet den 120Hz cung HDR10+\nXu li muot ma ke ca tac vu nang voi chip xu li Snapdragon® 8 Gen 2 for Galaxy manh me\nBen bi cho moi hanh trinh suon se - Khang bui va nuoc dat chuan IP68 cung chat lieu nhom Armor Aluminum giup han che cong va xuoc\nSang tao moi luc moi noi - But S Pen moi voi do tre cuc thap chi 2.8ms, ho tro nhieu ung dung chuyen dung: Goodnotes5, LumaFusion',11,'Samsung Galaxy Tab S9 Ultra 12GB 512GB',23190000,'Samsung-Galaxy-Tab-S9-Ultra-12GB-512GB',55,3.9,38,'https://cdn2.cellphones.com.vn/insecure/rs:fill:0:358/q:90/plain/https://cellphones.com.vn/media/catalog/product/s/s/ss-tab-s9-ultra_1__1.png',3),(40,'Sony','loa','Loa Sony SRS-XE200 - Thiet ke nho gon, am thanh vuot troi\nLoa bluetooth Sony SRX-XE200 nam trong bo suu tap moi nhat cua X-series voi thiet ke va tinh nang cai tien. Kieu dang thiet bi gon nhe nen ban co the mang den bat cu dau de tan huong am nhac.\n\nBo khuech dai dang duong thang cho am thanh truyen xa hon\nBo khuech tan duong thang cua Sony SRS-XE200 giup phan phoi va truyen am thanh di xa hon tren pham vi rong ma khong bi anh huong den chat luong. Thiet ke nay duoc lay cam hung tu cac buoi hoa nhac lon cho khong gian tran ngap cac giai dieu. Nhu vay, ban se cam nhan duoc cung mot chat luong am thanh ke ca o phia truoc hay ben canh loa.\nKich thuoc nho gon, day deo tien dung\nSan pham so huu thiet ke nho gon, co them day deo giup cho viec mang theo ben nguoi cang them de dang. Voi trong luong chua den 1kg nen loa Sony SRS-XE200 rat tien cho viec mang den cac bua tiec hoac cac chuyen di phuot. Vo loa Sony duoc lam bang chat lieu rat ben bi, co the dat dung hoac nam tuy theo nguoi dung.\nX-Balanced Speaker Unit moi co mang loa khong tron, cho am thanh chat luong cao\nKhac so voi mang loa tron truyen thong, Sony SRS-XE200 so huu man loa khong tron ho tro tao ap suat am thanh cao, mang den trai nghiem tuyet voi hon, dong thoi han che bien dang am thanh. Them vao do, thiet ke cac loa lech tam nhau ket hop do can bang trong luong tang chi tiet am thanh va mo rong am tang. Ngoai ra, san pham con so huu bo tan am thu dong kep nham tao ra cac am tram manh me.\nPin len den 16 gio su dung va tich hop cam bien chong tieng on xung quanh\nLoa bluetooth SRS-XE200 duoc nha san xuat uu ai cho luong pin khung co the len den 16h, du de phuc vu moi cuoc vui choi. Cung voi cong nghe cam bien mic doc dao cua Sony, Ambient Noise Sensing giup tiet kiem pin khi su dung ben ngoai.\n\nNeu cam thay minh khong du thoi gian sac, thi ban co the sac loa 10 phut de doi loai 70 phut choi. Ben canh do, loa con co tinh nang cham soc pin nen ban khong phai lo lang ve tuoi tho cua pin.\nChong nuoc, chong bui vuot troi dat chuan IP67\nSony SRS-XE200 duoc trang bi kha nang chong nuoc chong bui va chong tham nuoc chuan IP67. Do do, ban co the yen tam khi mang loa di bien, den ho boi, cong vien hoac san vuon. Ngoai ra, thiet bi con duoc trang bi them kha nang chong soc MIL STD 810 H o do cao 1.22m, giup han che kha nang hu hong khi lo tay lam roi loa.\nCuoc goi cai thien voi Echo Cancelling\nHai nguoi co the cung noi chuyen ma khong bi gian doan. Ben canh do, ban co the tat tieng ngay lap tuc bang nut “MIC Mute” ngay tren loa mot cach de dang. Va voi tinh nang ket noi da diem, co the ket noi cung luc hai thiet bi.',0,'Loa Bluetooth Sony SRS-XE200',1150000,'Loa-Bluetooth-Sony-SRS-XE200',125,3.6,88,'https://cdn2.cellphones.com.vn/insecure/rs:fill:0:358/q:90/plain/https://cellphones.com.vn/media/catalog/product/_/0/_0003_srs-xe200_4_.jpg',10),(47,'Chuot','Chuot-may-tinh','a',20,'a',20000,'a',20,0,0,'https://firebasestorage.googleapis.com/v0/b/lavenshop-c9862.appspot.com/o/product_images%2F1729091287683.jpeg?alt=media&token=628cae9f-c263-4bde-8640-1b6a9490bd32',6);
CREATE TABLE `product_options` (
`id` bigint NOT NULL AUTO_INCREMENT,
`name` varchar(255) COLLATE utf8mb4_unicode_ci DEFAULT NULL,
`value` varchar(255) COLLATE utf8mb4_unicode_ci DEFAULT NULL,
`product_id` bigint NOT NULL,
PRIMARY KEY (`id`),
KEY `FK8vv4f8fru80wxocwgxwsrow61` (`product_id`),
CONSTRAINT `FK8vv4f8fru80wxocwgxwsrow61` FOREIGN KEY (`product_id`) REFERENCES `products` (`id`)
) ENGINE=InnoDB AUTO_INCREMENT=181 DEFAULT CHARSET=utf8mb4 COLLATE=utf8mb4_unicode_ci;
INSERT INTO `product_options` VALUES (1,'Thuong hieu','Logitech',1),(2,'Xuat xu thuong hieu','Thuy Si',1),(3,'Kich thuoc','Chieu cao: 105,4 mm - Chièu rọng: 67,9 mm - Chieu day: 38,4 mm',1),(4,'Do phan giai quang hoc','1000DPI',1),(5,'Tinh nang','Silent khong tieng on',1),(6,'Model','M331',1),(7,'Xuat xu','Trung Quoc',1),(8,'Trong luong','0.2',1),(9,'Mau','do',2),(10,'Dung luong','64GB',2),(11,'Dung luong','128GB',2),(12,'Dung luong','256GB',2),(13,'Dung luong','512GB',2),(14,'Mau','Xanh Duong',3),(15,'Mau','Den',3),(16,'Mau','Bac',3),(17,'Mau','Den',4),(18,'Mau','Den',4),(19,'Mau','Den',4),(20,'Mau','Den',5),(21,'Mau','Bac',5),(22,'Mau','Xanh Duong',6),(23,'Mau','Den',6),(24,'Mau','Bac',6),(25,'Mau','Silver',9),(26,'Mau','Den',12),(27,'Mau','Trang',12),(28,'Mau','Hong',12),(29,'Dung luong','256GB',18),(30,'Dung luong','512GB',18),(31,'Dung luong','1TB',18),(32,'Mau','Titan xanh',18),(33,'Mau','Titan tu nhien',18),(34,'Mau','Titan den',18),(35,'Mau','Titan trang',18),(36,'Dung luong','256GB',19),(37,'Dung luong','512GB',19),(38,'Dung luong','1TB',19),(39,'Mau','Xam',19),(40,'Mau','Tim',19),(41,'Mau','Den',19),(42,'Mau','Vang',19),(43,'Mau','Den',21),(44,'Mau','Xam',22),(45,'Mau','Bac',22),(46,'Mau','Trang',22),(47,'Mau','Den',22),(48,'Mau','Xam',23),(49,'Mau','Trang',24),(50,'Mau','Bac',25),(51,'Mau','Den',25),(52,'Mau','Titan Den',26),(53,'Mau','Titan Trang',26),(54,'Mau','Titan Xanh',26),(55,'Mau','Titan Tu Nhien',26),(56,'Mau','Vang',27),(57,'Mau','Xam',27),(58,'Mau','Den',27),(59,'Mau','Tim',27),(60,'Mau','Trang',28),(61,'Mau','Vang',28),(62,'Mau','Den',28),(63,'Mau','Bac',28),(64,'Mau','Bac',29),(65,'Mau','Den',29),(66,'Mau','Trang vang',31),(67,'Mau','Tim',31),(68,'Mau','Hong',31),(69,'Mau','Xam',31),(70,'Dung luong','64GB',31),(71,'Dung luong','128GB',31),(72,'Dung luong','256GB',31),(73,'Mau','Trang',32),(74,'Mau','Den',32),(75,'Mau','Bac',33),(76,'Mau','Den',33),(77,'Mau','Bac',34),(78,'Mau','Den',34),(79,'Mau','Do',35),(80,'Mau','Xanh duong',35),(81,'Mau','Den',35),(82,'Mau','Camo',35),(83,'Mau','Xam',35),(84,'Mau','Hong',35),(85,'Mau','Xanh ngoc',35),(86,'Mau','Xanh la',35),(87,'Mau','Den',36),(88,'Mau','Xam',36),(89,'Mau','Trang',36),(90,'Mau','Xanh',36),(91,'Mau','Den',37),(92,'Mau','Vang',37),(93,'Mau','Trang',37),(94,'Mau','Kem',39),(95,'Mau','Xam',39),(96,'Dung luong','16GB 1TB',39),(97,'Dung luong','12GB 512GB',39),(98,'Dung luong','12GB 256GB',39),(99,'Mau','Cam',40),(100,'Mau','Xanh duong',40),(101,'Mau','Den',40),(102,'Mau','Bac',40),(103,'Mau','Xam',40),(104,'Mau','Bac',3),(105,'Mau','Xanh Duong',3),(106,'Mau','Den',3),(173,'Mau','Trang ',6),(174,'Mau','Trang',4),(175,'Mau','Xanh',4);
CREATE TABLE `product_specifications` (
`id` bigint NOT NULL AUTO_INCREMENT,
`create_date` datetime(6) DEFAULT NULL,
`created_by` bigint DEFAULT NULL,
`update_date` datetime(6) DEFAULT NULL,
`updated_by` bigint DEFAULT NULL,
`name` varchar(255) COLLATE utf8mb4_unicode_ci DEFAULT NULL,
`value` TEXT COLLATE utf8mb4_unicode_ci DEFAULT NULL,
`product_id` bigint NOT NULL,
PRIMARY KEY (`id`),
KEY `FKbets5sov4bn9d2wy8vqathw6d` (`product_id`),
CONSTRAINT `FKbets5sov4bn9d2wy8vqathw6d` FOREIGN KEY (`product_id`) REFERENCES `products` (`id`)
) ENGINE=InnoDB AUTO_INCREMENT=566 DEFAULT CHARSET=utf8mb4 COLLATE=utf8mb4_unicode_ci;
INSERT INTO `product_specifications` VALUES (7,NULL,NULL,'2024-09-23 02:05:13.388642',NULL,'Xuat xu','Trung Quoc',7),(8,NULL,NULL,'2024-09-23 02:05:13.381830',NULL,'Trong luong','0.2',8),(27,NULL,NULL,'2024-09-23 02:16:15.561511',NULL,'Thoi gian pin','30h',27),(28,NULL,NULL,'2024-09-23 02:16:15.554384',NULL,'Thuong hieu','Sony',28),(29,NULL,NULL,'2024-09-23 02:16:15.557357',NULL,'Xuat xu thuong hieu','Nhat Ban',29),(30,NULL,NULL,'2024-09-23 02:16:15.559353',NULL,'Thoi gian sac','3h',30),(31,NULL,NULL,'2024-09-23 02:16:15.569018',NULL,'Ket noi','Bluetooth 5.0',31),(32,NULL,NULL,'2024-09-23 02:16:15.573011',NULL,'Kich thuoc','10 x 7.2 x 5.1 cm',32),(33,NULL,NULL,'2024-09-23 02:16:15.553398',NULL,'Xuat xu','Trung Quoc',33),(34,NULL,NULL,'2024-09-23 02:16:15.552396',NULL,'Model','WH-1000XM4',34),(35,NULL,NULL,'2024-09-23 02:16:15.541174',NULL,'Cong sac','Type-C',35),(36,NULL,NULL,'2024-09-23 02:16:15.555367',NULL,'Trong luong san pham','254g',36),(58,NULL,NULL,NULL,NULL,'Loai card do hoa','NVIDIA GeForce RTX 3050 4GB GDDR6 - Intel Iris Xe Graphics',7),(59,NULL,NULL,NULL,NULL,'Dung luong RAM','8GB',7),(60,NULL,NULL,NULL,NULL,'Loai RAM','DDR4-3200 SO-DIMM',7),(61,NULL,NULL,NULL,NULL,'So khe ram','2 khe SO-DIMM (Nang cap toi da 32GB)',7),(62,NULL,NULL,NULL,NULL,'O cung','512GB PCIe 3.0 NVMe M.2 SSD (1 khe SSD M.2 trong nang cap toi da den 1TB)',7),(63,NULL,NULL,NULL,NULL,'Kich thuoc man hinh','15.6 inches',7),(64,NULL,NULL,NULL,NULL,'Cong nghe man hinh','Do sang 250nits - Do phu mau: NTSC 45%, SRGB 62.50%, Adobe 47.34% - Man hinh chong choi - Adaptive-Sync',7),(65,NULL,NULL,NULL,NULL,'Pin','56WHrs, 4S1P, 4-cell Li-ion',7),(66,NULL,NULL,NULL,NULL,'He dieu hanh','Windows 11 Home',7),(67,NULL,NULL,NULL,NULL,'Do phan giai man hinh','1920 x 1080 pixels (FullHD)',7),(68,NULL,NULL,NULL,NULL,'Man hinh','15.6 inch, 1920 x 1080 Pixels, IPS, Hang khong cong bo Hz, 300 nits, IPS',8),(69,NULL,NULL,NULL,NULL,'Dung luong RAM','16GB',8),(70,NULL,NULL,NULL,NULL,'Loai RAM','DDR4-3200 SO-DIMM',8),(71,NULL,NULL,NULL,NULL,'So khe ram','2 khe SO-DIMM Nang cap toi da 32GB',8),(72,NULL,NULL,NULL,NULL,'O cung','512GB',8),(73,NULL,NULL,NULL,NULL,'Kich thuoc man hinh','15.6 inches',8),(74,NULL,NULL,NULL,NULL,'Cong nghe man hinh','Do sang 250nits - Do phu mau: NTSC 45%, SRGB 62.50%, Adobe 47.34% - Man hinh chong choi - Adaptive-Sync',8),(75,NULL,NULL,NULL,NULL,'Pin','56WHrs, 4S1P, 4-cell Li-ion',8),(76,NULL,NULL,NULL,NULL,'He dieu hanh','Windows 11 Home Single Language',8),(77,NULL,NULL,NULL,NULL,'Do phan giai man hinh','1920 x 1080 pixels (FullHD)',8),(78,NULL,NULL,NULL,NULL,'CPU','Intel, Core i7, 1255U',8),(79,NULL,NULL,NULL,NULL,'Kich thuoc','359.2 x 236.5 x 19.9 mm',8),(80,NULL,NULL,NULL,NULL,'Do hoa','Intel Iris Xe Graphics',8),(81,NULL,NULL,NULL,NULL,'Bluetooth','V5.0',9),(82,NULL,NULL,NULL,NULL,'Thuong hieu','Apple',9),(83,NULL,NULL,NULL,NULL,'Xuat xu thuong hieu','My',9),(84,NULL,NULL,NULL,NULL,'Camera','Camera FaceTime HD 720p',9),(85,NULL,NULL,NULL,NULL,'Card do hoa','Card tich hop - 7 nhan GPU',9),(86,NULL,NULL,NULL,NULL,'Chip set','Chip Apple M1',9),(87,NULL,NULL,NULL,NULL,'Ket noi','2 cong Thunderbolt / USB 4',9),(88,NULL,NULL,NULL,NULL,'CPU','8 nhan voi 4 nhan hieu nang cao va 4 nhan tiet kiem dien',9),(89,NULL,NULL,NULL,NULL,'Kich thuoc','1.61 cm x 30.41 cm x 21.24 cm',9),(90,NULL,NULL,NULL,NULL,'Loai/ Cong nghe man hinh','Do sang 400 nits, Ho tro dai mau P3 True-Tone',9),(91,NULL,NULL,NULL,NULL,'Dung luong o cung','256GB',9),(92,NULL,NULL,NULL,NULL,'Ket noi khong day khac','Bluetooth 5.0, Wi-Fi 6 802.11ax',9),(93,NULL,NULL,NULL,NULL,'Loai pin','pin Li-Po',9),(94,NULL,NULL,NULL,NULL,'Loai RAM','LPDDR4',9),(95,NULL,NULL,NULL,NULL,'Noi san xuat','Trung Quoc',9),(96,NULL,NULL,NULL,NULL,'Xuat xu','Trung Quoc',9),(97,NULL,NULL,NULL,NULL,'Trong luong san pham','1.29 kg',9),(98,NULL,NULL,NULL,NULL,'RAM','8GB',9),(99,NULL,NULL,NULL,NULL,'Do phan giai','1600 x 2560 Pixels',9),(100,NULL,NULL,NULL,NULL,'Kich thuoc man hinh','13.3 inch',9),(101,NULL,NULL,NULL,NULL,'Cong sac ra','1 x Type-C',10),(102,NULL,NULL,NULL,NULL,'Sac toi da','1 thiet bi',10),(103,NULL,NULL,NULL,NULL,'Cong suat sac','20W',10),(104,NULL,NULL,NULL,NULL,'Tinh nang','Power Delivery',10),(105,NULL,NULL,NULL,NULL,'Hang san xuat','Apple Chinh hang',10),(106,NULL,NULL,NULL,NULL,'Cong giao tiep','USB-C',10),(107,NULL,NULL,NULL,NULL,'Thuong hieu','AOC',11),(108,NULL,NULL,NULL,NULL,'Xuat xu thuong hieu','Trung Quoc',11),(109,NULL,NULL,NULL,NULL,'Ket noi','VGA × 1, HDMI 1.4 × 1',11),(110,NULL,NULL,NULL,NULL,'Kich thuoc','Kich thuoc voi chan de (WxHxD): 387.7 (H) × 491.8 (W) × 162.9 (D), Kich thuoc khong co chan de (WxHxD): 292.5 (H) × 491.8 (W) × 35.8 (D)',11),(111,NULL,NULL,NULL,NULL,'Do sang','250 cd/m²',11),(112,NULL,NULL,NULL,NULL,'Do tuong phan','3000 : 1 (Typical) 20 Million : 1 (DCR)',11),(113,NULL,NULL,NULL,NULL,'Goc nhin','178° (H) / 178° (V) (CR > 10)',11),(114,NULL,NULL,NULL,NULL,'Phu kien di kem','Cap nguon, Cap VGA',11),(115,NULL,NULL,NULL,NULL,'Model','22B2HN',11),(116,NULL,NULL,NULL,NULL,'Man hinh hien thi','16.7 Million',11),(117,NULL,NULL,NULL,NULL,'Xuat xu (Made in)','Trung Quoc',11),(118,NULL,NULL,NULL,NULL,'Trong luong san pham','2.29 Kg',11),(119,NULL,NULL,NULL,NULL,'Do phan giai','1920 x 1080 pixels',11),(120,NULL,NULL,NULL,NULL,'Kich thuoc man hinh','21.5 inch',11),(121,NULL,NULL,NULL,NULL,'Thoi gian dap ung','7ms (GtG (BW))',11),(122,NULL,NULL,NULL,NULL,'Ti le man hinh','16:9',11),(123,NULL,NULL,NULL,NULL,'Toc do lam tuoi','75Hz',11),(124,NULL,NULL,NULL,NULL,'San pham co duoc bao hanh khong?','Co',11),(125,NULL,NULL,NULL,NULL,'Co thue VAT','Co',11),(126,NULL,NULL,NULL,NULL,'Hinh thuc bao hanh','Dien tu',11),(127,NULL,NULL,NULL,NULL,'Thoi gian bao hanh','3 thang',11),(128,NULL,NULL,NULL,NULL,'Hang san xuat','Logitech',12),(129,NULL,NULL,NULL,NULL,'Model','G Pro X Superlight Wireless Black',12),(130,NULL,NULL,NULL,NULL,'Mau','Black',12),(131,NULL,NULL,NULL,NULL,'Tan suat gui tin hieu USB','1000 Hz (1ms)',12),(132,NULL,NULL,NULL,NULL,'Bo vi xu ly','32-bit ARM',12),(133,NULL,NULL,NULL,NULL,'Chuyen dong lien tuc','70h',12),(134,NULL,NULL,NULL,NULL,'Tuong thich','POWERPLAY',12),(135,NULL,NULL,NULL,NULL,'Cong nghe khong day','LIGHTSPEED',12),(136,NULL,NULL,NULL,NULL,'Chan','Nhua PTFE khong pha tap',12),(137,NULL,NULL,NULL,NULL,'Nut','5 nut',12),(138,NULL,NULL,NULL,NULL,'Cam bien','HERO',12),(139,NULL,NULL,NULL,NULL,'Do phan giai','100 – 25.400 DPI',12),(140,NULL,NULL,NULL,NULL,'Tang toc toi da','> 40 G',12),(141,NULL,NULL,NULL,NULL,'Toc do toi da','> 400 IPS',12),(142,NULL,NULL,NULL,NULL,'Kich thuoc','125,0 x 63,5 x 40,0 mm',12),(143,NULL,NULL,NULL,NULL,'Trong luong','< 63 g',12),(144,NULL,NULL,NULL,NULL,'Thuong hieu','FL-ESPORT',13),(145,NULL,NULL,NULL,NULL,'Xuat xu thuong hieu','Trung Quoc',13),(146,NULL,NULL,NULL,NULL,'Tinh nang','Phim co',13),(147,NULL,NULL,NULL,NULL,'Xuat xu (Made in)','Trung Quoc',13),(148,NULL,NULL,NULL,NULL,'San pham co duoc bao hanh khong?','Co',13),(149,NULL,NULL,NULL,NULL,'Hinh thuc bao hanh','Tem bao hanh',13),(150,NULL,NULL,NULL,NULL,'Thoi gian bao hanh','12 thang',13),(151,NULL,NULL,NULL,NULL,'Dung luong pin','Li-ion polymer 27 Wh (tuong duong 3.6 V/7500 mAh)',14),(152,NULL,NULL,NULL,NULL,'Thoi gian pin','Thoi gian phat nhac: len den 20 gio (phu thuoc vao muc am luong va noi dung am thanh)',14),(153,NULL,NULL,NULL,NULL,'Thoi gian sac','4 gio (5V/3A)',14),(154,NULL,NULL,NULL,NULL,'Cong suat','30W RMS cho loa tram, 10W RMS cho loa tweeter',14),(155,NULL,NULL,NULL,NULL,'Thuong hieu','JBL',14),(156,NULL,NULL,NULL,NULL,'Xuat xu thuong hieu','My',14),(157,NULL,NULL,NULL,NULL,'Ket noi','Bluetooth v5.1',14),(158,NULL,NULL,NULL,NULL,'Kich thuoc','Mang loa: Loa tram 5.2 x 9 cm, Loa tweeter 2 cm',14),(159,NULL,NULL,NULL,NULL,'Model','JBLCHARGE5RED',14),(160,NULL,NULL,NULL,NULL,'Xuat xu (Made in)','Trung Quoc',14),(161,NULL,NULL,NULL,NULL,'Trong luong san pham','0.96kg',14),(162,NULL,NULL,NULL,NULL,'Tan so','60Hz - 20kHz',14),(163,NULL,NULL,NULL,NULL,'Ty so nen nhieu','>80dB',14),(164,NULL,NULL,NULL,NULL,'San pham co duoc bao hanh khong?','Co',14),(165,NULL,NULL,NULL,NULL,'Hinh thuc bao hanh','Dien tu',14),(166,NULL,NULL,NULL,NULL,'Thoi gian bao hanh','12 thang',14),(167,NULL,NULL,NULL,NULL,'CPU','Intel Core i7-1360P (12 Cores: 4P + 8E, P: 2.2 up to 5.0 GHz / E: 1.6 up to 3.7 GHz) 18 MB Cache',15),(168,NULL,NULL,NULL,NULL,'RAM','16GB LPDDR5 6000MHz (Dual Channel, Onboard, khong nang cap)',15),(169,NULL,NULL,NULL,NULL,'Ỏ cung','512GB PCIe NVMe M.2 SSD (2 slot, con trong 1 khe M.2)',15),(170,NULL,NULL,NULL,NULL,'Card do hoa','NVIDIA GeFore RTX 3050 4GB',15),(171,NULL,NULL,NULL,NULL,'Man hinh','16 inch WQXGA (2560*1600), 16:10, IPS 60Hz (Co the thay doi den 144Hz), DCI-P3 99%, LGD, 350 nits, Anti-Glare',15),(172,NULL,NULL,NULL,NULL,'Cong giao tiep','2x USB Type C (Thunderbolt 4, Display Port, Power Delivery), 2x USB 3.2 Gen2, 1x HDMI, 1x DC in, 1x 3.5mm Combo Audio Jack',15),(173,NULL,NULL,NULL,NULL,'Ban phim','LED trang',15),(174,NULL,NULL,NULL,NULL,'Audio','Dolby Atmos',15),(175,NULL,NULL,NULL,NULL,'Doc the nho','Micro SD',15),(176,NULL,NULL,NULL,NULL,'Chuản LAN','None',15),(177,NULL,NULL,NULL,NULL,'Chuan WIFI','Intel® Wireless-AX211 (802.11ax, 2x2, Dual Band, BT Combo)',15),(178,NULL,NULL,NULL,NULL,'Bluetooth','v5.1',15),(179,NULL,NULL,NULL,NULL,'Webcam','FHD IR Webcam (Nhan dien khuon mat Hello Windows)',15),(180,NULL,NULL,NULL,NULL,'He dieu hanh','Windows 11 Home',15),(181,NULL,NULL,NULL,NULL,'Pin','90WHr',15),(182,NULL,NULL,NULL,NULL,'Trọng luọng','1299 gram',15),(183,NULL,NULL,NULL,NULL,'Mau sac','Den',15),(184,NULL,NULL,NULL,NULL,'Kích thuóc','35.51 cm x 24.23 cm x 1.68 cm',15),(185,NULL,NULL,NULL,NULL,'Thuong hieu','ANKER',16),(186,NULL,NULL,NULL,NULL,'Xuat xu thuong hieu','Trung Quoc',16),(187,NULL,NULL,NULL,NULL,'Ket noi','USB Type-C',16),(188,NULL,NULL,NULL,NULL,'Kich thuoc','2.84 × 2.84 x 3.53 cm',16),(189,NULL,NULL,NULL,NULL,'Tinh nang','Sac nhanh',16),(190,NULL,NULL,NULL,NULL,'Model','A2147',16),(191,NULL,NULL,NULL,NULL,'Xuat xu (Made in)','Trung Quoc',16),(192,NULL,NULL,NULL,NULL,'Cong USB','USB Type-C',16),(193,NULL,NULL,NULL,NULL,'Dau ra','Type C: 5V - 3A, 9V - 3A, 15V - 2A, 20V - 1.5A PPS: 3.3 - 11V 3A, 3.3 - 16V 2A (Max 30W)',16),(194,NULL,NULL,NULL,NULL,'Dau vao','100-240V~50/60Hz, 1A',16),(195,NULL,NULL,NULL,NULL,'San pham co duoc bao hanh khong?','Co',16),(196,NULL,NULL,NULL,NULL,'Co thue VAT','Co',16),(197,NULL,NULL,NULL,NULL,'Hinh thuc bao hanh','Dien tu',16),(198,NULL,NULL,NULL,NULL,'Thoi gian bao hanh','18 thang',16),(199,NULL,NULL,NULL,NULL,'Thuong hieu','ANKER',17),(200,NULL,NULL,NULL,NULL,'Xuat xu thuong hieu','Trung Quoc',17),(201,NULL,NULL,NULL,NULL,'Chat lieu','Nhua',17),(202,NULL,NULL,NULL,NULL,'Ket noi','Lightning',17),(203,NULL,NULL,NULL,NULL,'Kich thuoc','Chieu dai day: 0.9m',17),(204,NULL,NULL,NULL,NULL,'Tinh nang','Sac nhanh',17),(205,NULL,NULL,NULL,NULL,'Model','A9551 / A9548',17),(206,NULL,NULL,NULL,NULL,'Xuat xu (Made in)','Trung Quoc',17),(207,NULL,NULL,NULL,NULL,'San pham co duoc bao hanh khong?','Co',17),(208,NULL,NULL,NULL,NULL,'Co thue VAT','Co',17),(209,NULL,NULL,NULL,NULL,'Hinh thuc bao hanh','Tem bao hanh',17),(210,NULL,NULL,NULL,NULL,'Thoi gian bao hanh','24 thang',17),(211,NULL,NULL,NULL,NULL,'Dung luong pin','4422 mAh',18),(212,NULL,NULL,NULL,NULL,'Bluetooth','v5.3',18),(213,NULL,NULL,NULL,NULL,'Thuong hieu','Apple',18),(214,NULL,NULL,NULL,NULL,'Xuat xu thuong hieu','My',18),(215,NULL,NULL,NULL,NULL,'Ho tro the nho ngoai','Khong',18),(216,NULL,NULL,NULL,NULL,'Chip do hoa (GPU)','Apple GPU 6 nhan',18),(217,NULL,NULL,NULL,NULL,'Chip set','Apple A17 Pro 6 nhan',18),(218,NULL,NULL,NULL,NULL,'Chuc nang khac','Bao mat nang cao: Mo khoa khuon mat Face ID, Tinh nang dac biet: Phat hien va cham (Crash Detection), Man hinh luon hien thi AOD, Am thanh Dolby Atmos, Khang nuoc, bui: IP68, SOS Khan Cap',18),(219,NULL,NULL,NULL,NULL,'Toc do CPU','3.78 GHz',18),(220,NULL,NULL,NULL,NULL,'Kich thuoc','Dai 159.9 mm - Ngang 76.7 mm - Day 8.25 mm',18),(221,NULL,NULL,NULL,NULL,'Loai/ Cong nghe man hinh','OLED',18),(222,NULL,NULL,NULL,NULL,'Ho tro 5G','Co',18),(223,NULL,NULL,NULL,NULL,'Phu kien di kem','Cap, Sach huong dan, Cay lay sim',18),(224,NULL,NULL,NULL,NULL,'Model','iPhone 15 Pro Max',18),(225,NULL,NULL,NULL,NULL,'Jack tai nghe','Type-C',18),(226,NULL,NULL,NULL,NULL,'Loai pin','Li-Ion',18),(227,NULL,NULL,NULL,NULL,'Loai Sim','1 SIM vat ly va 1 E-SIM',18),(228,NULL,NULL,NULL,NULL,'Chat lieu','Khung Titan & Mat lung kinh cuong luc',18),(229,NULL,NULL,NULL,NULL,'Nghe nhac','AAC, MP3, Apple Lossless, FLAC, Dolby Digital, Dolby Digital Plus va Dolby Atmos',18),(230,NULL,NULL,NULL,NULL,'Xuat xu (Made in)','Trung Quoc',18),(231,NULL,NULL,NULL,NULL,'Cong sac','Type-C',18),(232,NULL,NULL,NULL,NULL,'Trong luong san pham','221 g',18),(233,NULL,NULL,NULL,NULL,'Quay phim','Quay video 4K o toc do 24 fps/ 25 fps/ 30 fps hoac 60 fps, Che do Dien Anh ho tro do phan giai len den 4K HDR o toc do 30 fps, Quay video ProRes len den 4K o 60 fps voi kha nang ghi vao o dia gan ngoai',18),(234,NULL,NULL,NULL,NULL,'RAM','8 GB',18),(235,NULL,NULL,NULL,NULL,'Do phan giai','Super Retina XDR (1290 x 2796 Pixels)',18),(236,NULL,NULL,NULL,NULL,'ROM','256 GB',18),(237,NULL,NULL,NULL,NULL,'Kich thuoc man hinh','6.7 inch',18),(238,NULL,NULL,NULL,NULL,'Wifi','Wi-Fi MIMO, 6 GHz, Wi-Fi 802.11 a/b/g/n/ac/ax',18),(239,NULL,NULL,NULL,NULL,'Xem phim','H.264(MPEG4-AVC)',18),(240,NULL,NULL,NULL,NULL,'San pham co duoc bao hanh khong?','Co',18),(241,NULL,NULL,NULL,NULL,'Co thue VAT','Co',18),(242,NULL,NULL,NULL,NULL,'Hinh thuc bao hanh','Dien tu',18),(243,NULL,NULL,NULL,NULL,'Thoi gian bao hanh','12 thang',18),(244,NULL,NULL,NULL,NULL,'San pham co duoc bao hanh khong?','Co',19),(245,NULL,NULL,NULL,NULL,'Co thue VAT','Co',19),(246,NULL,NULL,NULL,NULL,'Hinh thuc bao hanh','Dien tu',19),(247,NULL,NULL,NULL,NULL,'Thoi gian bao hanh','12 thang',19),(248,NULL,NULL,NULL,NULL,'Dung luong pin','5000 mAh',19),(249,NULL,NULL,NULL,NULL,'Bluetooth','v5.3',19),(250,NULL,NULL,NULL,NULL,'Thuong hieu','Samsung',19),(251,NULL,NULL,NULL,NULL,'Xuat xu thuong hieu','Han Quoc',19),(252,NULL,NULL,NULL,NULL,'Camera sau','12MP/200MP/50MP',19),(253,NULL,NULL,NULL,NULL,'Camera truoc','12MP',19),(254,NULL,NULL,NULL,NULL,'Chip do hoa (GPU)','Adreno 750',19),(255,NULL,NULL,NULL,NULL,'Chuc nang khac','Khong gian thu hai (Thu muc bao mat), Man hinh luon hien thi AOD, Am thanh Dolby Atmos',19),(256,NULL,NULL,NULL,NULL,'Den Flash','Co',19),(257,NULL,NULL,NULL,NULL,'Kich thuoc','Dai 147 mm, Ngang 70.6 mm, Day 7.6 mm, Nang 167 g',19),(258,NULL,NULL,NULL,NULL,'Loai/ Cong nghe man hinh','QHD+ Dynamic AMOLED 2X',19),(259,NULL,NULL,NULL,NULL,'Ho tro 5G','Co',19),(260,NULL,NULL,NULL,NULL,'Phu kien di kem','Sach huong dan',19),(261,NULL,NULL,NULL,NULL,'Model','S 24 Ultra',19),(262,NULL,NULL,NULL,NULL,'So sim','2',19),(263,NULL,NULL,NULL,NULL,'Loai pin','Li-Ion',19),(264,NULL,NULL,NULL,NULL,'Loai Sim','1 Nano SIM & 1 eSIM',19),(265,NULL,NULL,NULL,NULL,'Chat lieu','Khung Titan & Mat lung kinh cuong luc',19),(266,NULL,NULL,NULL,NULL,'Xuat xu (Made in)','Trung Quoc',19),(267,NULL,NULL,NULL,NULL,'Cong sac','Type-C',19),(268,NULL,NULL,NULL,NULL,'Trong luong san pham','232g',19),(269,NULL,NULL,NULL,NULL,'Kich thuoc man hinh','6.8 inch',19),(270,NULL,NULL,NULL,NULL,'Wifi','Wi-Fi MIMO, Wi-Fi Direct, Wi-Fi hotspot, Dual-band (2.4 GHz/5 GHz), Wi-Fi 802.11 a/b/g/n/ac/ax',19),(271,NULL,NULL,NULL,NULL,'Thuong hieu','NBAYOU',20),(272,NULL,NULL,NULL,NULL,'Xuat xu thuong hieu','Viet Nam',20),(273,NULL,NULL,NULL,NULL,'Kich thuoc','14cm x 7cm x 2.5 cm',20),(274,NULL,NULL,NULL,NULL,'Tinh nang','Sac nhanh',20),(275,NULL,NULL,NULL,NULL,'Xuat xu (Made in)','Viet Nam/Trung Quoc',20),(276,NULL,NULL,NULL,NULL,'Thoi gian su dung','Sac smartphone tieu chuan len den 5 lan',20),(277,NULL,NULL,NULL,NULL,'Dau ra','DC 5V-2.1A(max)',20),(278,NULL,NULL,NULL,NULL,'San pham co duoc bao hanh khong?','Khong',20),(279,NULL,NULL,NULL,NULL,'Loai card do hoa','AMD Radeon Graphics',21),(280,NULL,NULL,NULL,NULL,'Dung luong RAM','16GB',21),(281,NULL,NULL,NULL,NULL,'Loai RAM','LPDDR4X Onboard',21),(282,NULL,NULL,NULL,NULL,'O cung','512GB M.2 NVMe PCIe 3.0 SSD',21),(283,NULL,NULL,NULL,NULL,'Kich thuoc man hinh','14 inches',21),(284,NULL,NULL,NULL,NULL,'Cong nghe man hinh','Thoi gian phan hoi 0.2ms, Do sang toi da 400 nit HDR, Do phu mau 100% DCI-P3',21),(285,NULL,NULL,NULL,NULL,'Pin','75WHrs, 2S2P, 4-cell Li-ion',21),(286,NULL,NULL,NULL,NULL,'He dieu hanh','Windows 11 Home',21),(287,NULL,NULL,NULL,NULL,'Do phan giai man hinh','2880 x 1800 pixels',21),(288,NULL,NULL,NULL,NULL,'Cong giao tiep','1x USB 3.2 Gen 2 Type-A, 2x USB 3.2 Gen 2 Type-C (Ho tro hien thi / sac), 1x HDMI 2.1 TMDS, 1x 3.5mm Combo Audio Jack, Dau doc the Micro SD',21),(289,NULL,NULL,NULL,NULL,'Loai card do hoa','GPU 10 loi',22),(290,NULL,NULL,NULL,NULL,'Dung luong RAM','8GB',22),(291,NULL,NULL,NULL,NULL,'O cung','256GB SSD',22),(292,NULL,NULL,NULL,NULL,'Kich thuoc man hinh','15.3 inches',22),(293,NULL,NULL,NULL,NULL,'Cong nghe man hinh','True Tone',22),(294,NULL,NULL,NULL,NULL,'He dieu hanh','MacOS',22),(295,NULL,NULL,NULL,NULL,'Cong giao tiep','Cong sac MagSafe 3, Hai cong Thunderbolt / USB 4',22),(296,NULL,NULL,NULL,NULL,'Loai card do hoa','AMD Radeon™ Graphics',23),(297,NULL,NULL,NULL,NULL,'Dung luong RAM','16GB',23),(298,NULL,NULL,NULL,NULL,'Loai RAM','DDR4-3200',23),(299,NULL,NULL,NULL,NULL,'O cung','512GB SSD M.2 2242 PCIe® 4.0x4 NVMe®',23),(300,NULL,NULL,NULL,NULL,'Kich thuoc man hinh','14 inches',23),(301,NULL,NULL,NULL,NULL,'Cong nghe man hinh','Kich thuoc 14\", Do phan giai FHD (1920x1080), Tam nen IPS, Do sang toi da 300 nits, 100% sRGB, Chong choi, Chung nhan TÜV Low Blue Light',23),(302,NULL,NULL,NULL,NULL,'Pin','47Wh',23),(303,NULL,NULL,NULL,NULL,'He dieu hanh','Windows® 11 Home',23),(304,NULL,NULL,NULL,NULL,'Do phan giai man hinh','1920 x 1080 pixels (FullHD)',23),(305,NULL,NULL,NULL,NULL,'Cong giao tiep','2x USB 3.2 Gen 1, 1x USB-C® 3.2 Gen 1 (ho tro truyen du lieu, Power Delivery 3.0 va DisplayPort™ 1.2), 1x HDMI® 1.4b, 1x Jack tai nghe / micro ket hop (3.5mm), 1x Dau doc the SD',23),(306,NULL,NULL,NULL,NULL,'Thoi luong pin','Tai nghe: Dung 6 gio, Hop sac: Dung 30 gio',24),(307,NULL,NULL,NULL,NULL,'Chong nuoc','IP54 (tren ca hop sac va tai nghe)',24),(308,NULL,NULL,NULL,NULL,'Cong nghe am thanh','Active Noise Cancellation, Chip Apple H2, Adaptive EQ',24),(309,NULL,NULL,NULL,NULL,'Micro','Co',24),(310,NULL,NULL,NULL,NULL,'Tuong thich','Cac thiet bi co ho tro Bluetooth',24),(311,NULL,NULL,NULL,NULL,'Phuong thuc dieu khien','Cam ung cham',24),(312,NULL,NULL,NULL,NULL,'Hang san xuat','Apple Chinh hang',24),(313,NULL,NULL,NULL,NULL,'Thoi luong pin','Tai nghe: 8 gio (Bat ANC), Hop sac: 24 gio',25),(314,NULL,NULL,NULL,NULL,'Chong nuoc','IPX4',25),(315,NULL,NULL,NULL,NULL,'Cong nghe am thanh','Hi-Res Audio, DSEE Extreme™, Am thanh 360',25),(316,NULL,NULL,NULL,NULL,'Micro','Co',25),(317,NULL,NULL,NULL,NULL,'Tuong thich','Cac thiet bi co ho tro Bluetooth',25),(318,NULL,NULL,NULL,NULL,'Tinh nang khac','Chuc nang theo doi dau, Chong on dam thoai',25),(319,NULL,NULL,NULL,NULL,'Kich thuoc driver','8.4 mm',25),(320,NULL,NULL,NULL,NULL,'Phuong thuc dieu khien','Cham cam ung',25),(321,NULL,NULL,NULL,NULL,'Hang san xuat','Sony',25),(322,NULL,NULL,NULL,NULL,'Pham vi ket noi','10 m',25),(323,NULL,NULL,NULL,NULL,'Kich thuoc man hinh','6.7 inches',26),(324,NULL,NULL,NULL,NULL,'Cong nghe man hinh','Super Retina XDR OLED',26),(325,NULL,NULL,NULL,NULL,'Camera sau','Camera chinh: 48MP, 24 mm, ƒ/1.78, Camera goc sieu rong: 12 MP, 13 mm, ƒ/2.2, Camera Tele 5x: 12 MP, 120 mm, ƒ/2.8',26),(326,NULL,NULL,NULL,NULL,'Camera truoc','12MP, ƒ/1.9',26),(327,NULL,NULL,NULL,NULL,'Chipset','Apple A17 Pro 6 nhan',26),(328,NULL,NULL,NULL,NULL,'Dung luong RAM','8 GB',26),(329,NULL,NULL,NULL,NULL,'Bo nho trong','512 GB',26),(330,NULL,NULL,NULL,NULL,'Pin','4422 mAh',26),(331,NULL,NULL,NULL,NULL,'The SIM','2 SIM (nano‑SIM va eSIM)',26),(332,NULL,NULL,NULL,NULL,'He dieu hanh','iOS 17',26),(333,NULL,NULL,NULL,NULL,'Do phan giai man hinh','2796 x 1290-pixel',26),(334,NULL,NULL,NULL,NULL,'Tinh nang man hinh','Toc do lam moi 120Hz, 460 ppi, 2000 nits, HDR, True Tone, Dai mau rong (P3), Haptic Touch, Ty le tuong phan 2.000.000:1',26),(335,NULL,NULL,NULL,NULL,'Kich thuoc man hinh','6.8 inches',27),(336,NULL,NULL,NULL,NULL,'Cong nghe man hinh','Dynamic AMOLED 2X',27),(337,NULL,NULL,NULL,NULL,'Camera sau','Camera chinh: 200MP, Laser AF, OIS, Camera: 50MP, PDAF, OIS, zoom quang hoc 5x, Camera tele: 10MP, Camera goc sieu rong: 12 MP, f/2.2, 13mm, 120˚',27),(338,NULL,NULL,NULL,NULL,'Camera truoc','12 MP, f/2.2',27),(339,NULL,NULL,NULL,NULL,'Chipset','Snapdragon 8 Gen 3 For Galaxy',27),(340,NULL,NULL,NULL,NULL,'Dung luong RAM','12 GB',27),(341,NULL,NULL,NULL,NULL,'Bo nho trong','256 GB',27),(342,NULL,NULL,NULL,NULL,'Pin','5,000mAh',27),(343,NULL,NULL,NULL,NULL,'The SIM','SIM 1 + SIM 2 / SIM 1 + eSIM / 2 eSIM',27),(344,NULL,NULL,NULL,NULL,'He dieu hanh','Android 14, One UI 6.1',27),(345,NULL,NULL,NULL,NULL,'Do phan giai man hinh','1440 x 3120 pixels',27),(346,NULL,NULL,NULL,NULL,'Tinh nang man hinh','Do sang cao nhat 2,600 nits, 120Hz, Corning® Gorilla® Armor®, 16 trieu mau',27),(347,NULL,NULL,NULL,NULL,'Tuong thich','But SPEN - tich hop san len may',27),(348,NULL,NULL,NULL,NULL,'Cong nghe man hinh','Retina LTPO OLED, Do sang 1000 nits',28),(349,NULL,NULL,NULL,NULL,'Kich thuoc man hinh','Hang khong cong bo',28),(350,NULL,NULL,NULL,NULL,'Duong kinh mat','40 mm',28),(351,NULL,NULL,NULL,NULL,'Bo nho trong','32 GB',28),(352,NULL,NULL,NULL,NULL,'Kich thuoc co tay phu hop','130-160mm',28),(353,NULL,NULL,NULL,NULL,'Tuong thich','iOS',28),(354,NULL,NULL,NULL,NULL,'Nghe,goi','Nghe goi qua Bluetooth',28),(355,NULL,NULL,NULL,NULL,'Tien ich suc khoe','Che do luyen tap, Theo doi giac ngu, Do nhip tim, Dem buoc chan, Tinh calo tieu thu, Tinh quang duong chay, Do muc do stress, Phat hien te nga, Canh bao nhip tim bat thuong, Theo doi chu ky',28),(356,NULL,NULL,NULL,NULL,'Thoi luong pin','Che do tiet kiem pin: 18 gio',28),(357,NULL,NULL,NULL,NULL,'Hang san xuat','Apple Chinh hang',28),(358,NULL,NULL,NULL,NULL,'Cong nghe man hinh','Super AMOLED',29),(359,NULL,NULL,NULL,NULL,'Kich thuoc man hinh','1.5 inch',29),(360,NULL,NULL,NULL,NULL,'Duong kinh mat','44mm',29),(361,NULL,NULL,NULL,NULL,'Tuong thich','Android 10 tro len va co bo nho tren 1.5GB',29),(362,NULL,NULL,NULL,NULL,'Nghe,goi','Nghe goi qua Bluetooth',29),(363,NULL,NULL,NULL,NULL,'Tien ich suc khoe','Che do luyen tap, Theo doi giac ngu, Do nhip tim, Do luong oxy trong mau, Dem buoc chan, Tinh calo tieu thu',29),(364,NULL,NULL,NULL,NULL,'Thoi luong pin','Len den 40 gio (Tat che do Always on Display), Len den 30 gio (Bat che do Always on Display)',29),(365,NULL,NULL,NULL,NULL,'Hang san xuat','Samsung Chinh hang',29),(366,NULL,NULL,NULL,NULL,'Tan so quet','180 Hz',30),(367,NULL,NULL,NULL,NULL,'Thoi gian phan hoi','1ms',30),(368,NULL,NULL,NULL,NULL,'Ti le man hinh','16:9',30),(369,NULL,NULL,NULL,NULL,'Cong ket noi','DisplayPort 1.2 x 1, HDMI (v2.0) x 2, Jack tai nghe',30),(370,NULL,NULL,NULL,NULL,'Do tuong phan tinh','1000 : 1',30),(371,NULL,NULL,NULL,NULL,'Goc nhin','178°/ 178°',30),(372,NULL,NULL,NULL,NULL,'Tam nen','IPS',30),(373,NULL,NULL,NULL,NULL,'Tien ich','Han che anh sang xanh, Chong choi, Che do choi game, Chong nhay, Che do tiet kiem dien, AMD FreeSync Premium',30),(374,NULL,NULL,NULL,NULL,'Kich thuoc man hinh','24 inches',30),(375,NULL,NULL,NULL,NULL,'Trong luong','Co chan de : 3.5 kg, Khong chan de: 2.9 kg',30),(376,NULL,NULL,NULL,NULL,'Do phan giai man hinh','1920 x 1080',30),(377,NULL,NULL,NULL,NULL,'Thuong hieu','Apple',31),(378,NULL,NULL,NULL,NULL,'Xuat xu thuong hieu','My',31),(379,NULL,NULL,NULL,NULL,'Camera sau','12MP',31),(380,NULL,NULL,NULL,NULL,'Camera truoc','12MP',31),(381,NULL,NULL,NULL,NULL,'Chip do hoa (GPU)','Apple GPU 4 nhan',31),(382,NULL,NULL,NULL,NULL,'Chip set','A15 Bionic',31),(383,NULL,NULL,NULL,NULL,'Toc do CPU','2 x 2.5 GHz Vortex + 4 x 1.6 GHz Tempest',31),(384,NULL,NULL,NULL,NULL,'Kich thuoc','250 x 174 x 7.5 mm',31),(385,NULL,NULL,NULL,NULL,'Loai/ Cong nghe man hinh','IPS LCD',31),(386,NULL,NULL,NULL,NULL,'Ghi am','Co',31),(387,NULL,NULL,NULL,NULL,'GPS','GPS, A-GPS, GLONASS',31),(388,NULL,NULL,NULL,NULL,'Phu kien di kem','Sac kem theo may',31),(389,NULL,NULL,NULL,NULL,'Model','ipad mini 6',31),(390,NULL,NULL,NULL,NULL,'Jack tai nghe','USB C',31),(391,NULL,NULL,NULL,NULL,'Bo nho kha dung','49GB',31),(392,NULL,NULL,NULL,NULL,'Loai pin','Li-Ion',31),(393,NULL,NULL,NULL,NULL,'Nghe nhac','AAC, MP3, Apple Lossless, FLAC, Dolby Digital, Dolby Digital Plus, va Dolby Atmos',31),(394,NULL,NULL,NULL,NULL,'San pham co duoc bao hanh khong?','Co',31),(395,NULL,NULL,NULL,NULL,'Co thue VAT','Co',31),(396,NULL,NULL,NULL,NULL,'Hinh thuc bao hanh','Hoa don',31),(397,NULL,NULL,NULL,NULL,'Thoi gian bao hanh','12',31),(398,NULL,NULL,NULL,NULL,'Cong nghe man hinh','AMOLED',32),(399,NULL,NULL,NULL,NULL,'Kich thuoc man hinh','1.2 inch',32),(400,NULL,NULL,NULL,NULL,'Duong kinh mat','43mm',32),(401,NULL,NULL,NULL,NULL,'Tuong thich','Android, iOS',32),(402,NULL,NULL,NULL,NULL,'Nghe,goi','Khong',32),(403,NULL,NULL,NULL,NULL,'Thoi luong pin','Len den 11 ngay',32),(404,NULL,NULL,NULL,NULL,'Hang san xuat','Garmin',32),(405,NULL,NULL,NULL,NULL,'Cong nghe man hinh','Super AMOLED',33),(406,NULL,NULL,NULL,NULL,'Kich thuoc man hinh','1.5 inch',33),(407,NULL,NULL,NULL,NULL,'Duong kinh mat','44mm',33),(408,NULL,NULL,NULL,NULL,'Tuong thich','Android 10 tro len va co bo nho tren 1.5GB',33),(409,NULL,NULL,NULL,NULL,'Nghe,goi','Nghe goi qua Bluetooth',33),(410,NULL,NULL,NULL,NULL,'Tien ich suc khoe','Che do luyen tap, Theo doi giac ngu, Do nhip tim, Do luong oxy trong mau, Dem buoc chan, Tinh calo tieu thu, Tinh quang duong chay, Do muc do stress',33),(411,NULL,NULL,NULL,NULL,'Thoi luong pin','Len den 40 gio (Tat che do Always on Display), Len den 30 gio (Bat che do Always on Display)',33),(412,NULL,NULL,NULL,NULL,'Hang san xuat','Samsung Chinh hang',33),(413,NULL,NULL,NULL,NULL,'Kich thuoc man hinh','1.6 inch',34),(414,NULL,NULL,NULL,NULL,'Do phan giai','256 x 402 Pixel',34),(415,NULL,NULL,NULL,NULL,'Tien ich suc khoe','Che do luyen tap, Do nhip tim, Phat hien te nga',34),(416,NULL,NULL,NULL,NULL,'Tinh nang khac','Canh bao te nga, Nhan thong bao tu dien thoai',34),(417,NULL,NULL,NULL,NULL,'Tinh nang Thong minh','Che do luyen tap, Dieu khien choi nhac, Bam gio, Bao thuc, Dieu khien chup anh',34),(418,NULL,NULL,NULL,NULL,'Thoi luong pin','Len den 13 ngay',34),(419,NULL,NULL,NULL,NULL,'Hang san xuat','Samsung Chinh hang',34),(420,NULL,NULL,NULL,NULL,'Thoi luong pin','20 gio',35),(421,NULL,NULL,NULL,NULL,'Cong suat','40 W',35),(422,NULL,NULL,NULL,NULL,'Chong nuoc','IP67',35),(423,NULL,NULL,NULL,NULL,'Tinh nang khac','Sac cho thiet bi khac qua cong USB, So loa ket noi cung luc: 2 loa',35),(424,NULL,NULL,NULL,NULL,'Hang san xuat','JBL',35),(425,NULL,NULL,NULL,NULL,'Pham vi ket noi','10 m',35),(426,NULL,NULL,NULL,NULL,'Cong nghe man hinh','MIP',36),(427,NULL,NULL,NULL,NULL,'Kich thuoc man hinh','1.04 inch',36),(428,NULL,NULL,NULL,NULL,'Duong kinh mat','42 mm',36),(429,NULL,NULL,NULL,NULL,'Kich thuoc co tay phu hop','Tu 12 - 20 cm',36),(430,NULL,NULL,NULL,NULL,'Tuong thich','Dien thoai chay Android 7.0 tro len, iPhone chay iOS 14 tro len',36),(431,NULL,NULL,NULL,NULL,'Tien ich suc khoe','Che do luyen tap, Theo doi giac ngu, Do nhip tim, Do luong oxy trong mau, Dem buoc chan, Tinh calo tieu thu, Tinh quang duong chay, Do muc do stress, Tinh tuoi the chat, Do VO2 max (Do luong tieu thu oxy toi da)',36),(432,NULL,NULL,NULL,NULL,'Thoi luong pin','Che do thong minh: 20 ngay, Che do GPS: 20 gio',36),(433,NULL,NULL,NULL,NULL,'Hang san xuat','Garmin',36),(434,NULL,NULL,NULL,NULL,'Cong nghe man hinh','Amoled',37),(435,NULL,NULL,NULL,NULL,'Kich thuoc man hinh','1.4 inch',37),(436,NULL,NULL,NULL,NULL,'Duong kinh mat','47.2 mm',37),(437,NULL,NULL,NULL,NULL,'Bo nho trong','32 GB',37),(438,NULL,NULL,NULL,NULL,'Kich thuoc co tay phu hop','Tu 13.5 - 20 cm',37),(439,NULL,NULL,NULL,NULL,'Tuong thich','Dien thoai chay Android 6.0 tro len, iPhone chay iOS 11 tro len',37),(440,NULL,NULL,NULL,NULL,'Tien ich suc khoe','Che do luyen tap, Theo doi giac ngu, Do nhip tim, Do luong oxy trong mau, Dem buoc chan, Tinh calo tieu thu, Tinh quang duong chay, Do muc do stress, Do VO2 max (Do luong tieu thu oxy toi da)',37),(441,NULL,NULL,NULL,NULL,'Thoi luong pin','Che do thong minh: 23 ngay, Bat GPS lien tuc: 31 gio, Che do GNSS SatIQ (chon tu dong): Len den 22 gio, Che do GNSS moi he thong va da bang tan: Len den 19 gio, Che do GNSS chi GPS co nhac: Len toi 10.5 gio, Che do GNSS SatIQ (chon tu dong',37),(442,NULL,NULL,NULL,NULL,'Hang san xuat','Garmin',37),(443,NULL,NULL,NULL,NULL,'Tan so quet','100 Hz',38),(444,NULL,NULL,NULL,NULL,'Thoi gian phan hoi','4ms',38),(445,NULL,NULL,NULL,NULL,'Ti le man hinh','16:9',38),(446,NULL,NULL,NULL,NULL,'Cong ket noi','VGA x 1, HDMI 1.4 x 1, Cong ra am thanh 3.5mm, DC',38),(447,NULL,NULL,NULL,NULL,'Do tuong phan dong','50M : 1',38),(448,NULL,NULL,NULL,NULL,'Do tuong phan tinh','1000 : 1',38),(449,NULL,NULL,NULL,NULL,'Goc nhin','178°/ 178°',38),(450,NULL,NULL,NULL,NULL,'Tam nen','IPS',38),(451,NULL,NULL,NULL,NULL,'Tien ich','Han che anh sang xanh, Chong choi, Chong nhay, Che do tiet kiem dien',38),(452,NULL,NULL,NULL,NULL,'Kich thuoc man hinh','22 inches',38),(453,NULL,NULL,NULL,NULL,'Trong luong','Co chan de: 2.3kg, Khong chan de: 1.9 kg',38),(454,NULL,NULL,NULL,NULL,'Do phan giai man hinh','1920 x 1080',38),(455,NULL,NULL,NULL,NULL,'Kich thuoc man hinh','14.6 inches',39),(456,NULL,NULL,NULL,NULL,'Cong nghe man hinh','Dynamic AMOLED 2X',39),(457,NULL,NULL,NULL,NULL,'Camera sau','Chinh 13 MP & Phu 8 MP',39),(458,NULL,NULL,NULL,NULL,'Camera truoc','2 Camera 12 MP',39),(459,NULL,NULL,NULL,NULL,'Chipset','Snapdragon 8 Gen 2 for Galaxy',39),(460,NULL,NULL,NULL,NULL,'Dung luong RAM','12 GB',39),(461,NULL,NULL,NULL,NULL,'Bo nho trong','512 GB',39),(462,NULL,NULL,NULL,NULL,'Pin','11200 mAh',39),(463,NULL,NULL,NULL,NULL,'The SIM','2 SIM (nano‑SIM va eSIM)',39),(464,NULL,NULL,NULL,NULL,'Do phan giai man hinh','1848 x 2960 Pixels',39),(465,NULL,NULL,NULL,NULL,'Tinh nang man hinh','Tan so quet 120Hz, HDR10+',39),(466,NULL,NULL,NULL,NULL,'Tuong thich','S Pen',39),(467,NULL,NULL,NULL,NULL,'Thoi luong pin','16 gio',40),(468,NULL,NULL,NULL,NULL,'Cong suat','20 W',40),(469,NULL,NULL,NULL,NULL,'Cong nghe am thanh','Clear Audio+, DSEE',40),(470,NULL,NULL,NULL,NULL,'Chong nuoc','IP67',40),(471,NULL,NULL,NULL,NULL,'Tinh nang khac','Sac nhanh',40),(472,NULL,NULL,NULL,NULL,'Hang san xuat','Sony',40),(535,'2024-09-24 18:39:16.705675',NULL,'2024-09-24 18:39:16.705675',NULL,'Thuong hieu','Sony',6),(536,'2024-09-24 18:39:16.707611',NULL,'2024-09-24 18:39:16.707611',NULL,'Xuat xu (Made in)','Japan / China',6),(537,'2024-09-24 18:39:16.711064',NULL,'2024-09-24 18:39:16.711064',NULL,'Cong sac','Type-C',6),(538,'2024-09-24 18:39:16.712043',NULL,'2024-09-24 18:39:16.712043',NULL,'Xuat xu thuong hieu','Nhat Ban',6),(539,'2024-09-24 18:39:16.713013',NULL,'2024-09-24 18:39:16.713013',NULL,'Bluetooth','BLT 5.3',6),(540,'2024-09-24 18:39:16.713988',NULL,'2024-09-24 18:39:16.713988',NULL,'Trong luong san pham','254g',6),(541,'2024-09-24 18:39:16.714959',NULL,'2024-09-24 18:39:16.714959',NULL,'Model','M331',6),(542,'2024-09-24 18:39:16.715936',NULL,'2024-09-24 18:39:16.715936',NULL,'Thoi gian pin','Pin len den 8 gio',6),(543,'2024-09-24 18:45:37.896174',NULL,'2024-09-24 18:45:37.897145',NULL,'Thuong hieu','Sony',4),(544,'2024-09-24 18:45:37.902542',NULL,'2024-09-24 18:45:37.902542',NULL,'Bluetooth','BLT 5.3',4),(545,'2024-09-24 18:45:37.906437',NULL,'2024-09-24 18:45:37.906437',NULL,'Xuat xu (Made in)','Japan / China',4),(546,'2024-09-24 18:45:37.908382',NULL,'2024-09-24 18:45:37.908382',NULL,'Do phan giai quang hoc','1000DPI',4),(547,'2024-09-24 18:45:37.911365',NULL,'2024-09-24 18:45:37.911365',NULL,'Thoi gian pin','Pin len den 8 gio',4),(548,'2024-09-24 18:45:37.914288',NULL,'2024-09-24 18:45:37.914288',NULL,'Xuat xu thuong hieu','Nhat Ban',4),(557,'2024-10-11 22:59:19.186734',NULL,'2024-10-11 22:59:19.186734',NULL,'Xuat xu thuong hieu','Nhat Ban',5),(558,'2024-10-11 22:59:19.221832',NULL,'2024-10-11 22:59:19.221832',NULL,'Model','WF-1000XM5',5),(559,'2024-10-11 22:59:19.224071',NULL,'2024-10-11 22:59:19.224071',NULL,'Xuat xu (Made in)','Japan / China',5),(560,'2024-10-11 22:59:19.226085',NULL,'2024-10-11 22:59:19.226085',NULL,'Cong sac','Type-C',5),(561,'2024-10-11 22:59:19.227088',NULL,'2024-10-11 22:59:19.227088',NULL,'Thuong hieu','Sony',5),(562,'2024-10-11 22:59:19.228086',NULL,'2024-10-11 22:59:19.228086',NULL,'Trong luong san pham','254g',5),(563,'2024-10-11 22:59:19.229086',NULL,'2024-10-11 22:59:19.229086',NULL,'Tinh nang','Silent khong tieng on',5),(564,'2024-10-11 22:59:19.231084',NULL,'2024-10-11 22:59:19.231084',NULL,'Thoi gian pin','Pin len den 8 gio',5),(565,'2024-10-11 22:59:19.232335',NULL,'2024-10-11 22:59:19.232335',NULL,'Bluetooth','BLT 5.3',5);
