-- MySQL dump 10.13  Distrib 8.0.34, for Win64 (x86_64)
--
-- Host: localhost    Database: mastershop_db
-- ------------------------------------------------------
-- Server version	8.0.35

/*!40101 SET @OLD_CHARACTER_SET_CLIENT=@@CHARACTER_SET_CLIENT */;
/*!40101 SET @OLD_CHARACTER_SET_RESULTS=@@CHARACTER_SET_RESULTS */;
/*!40101 SET @OLD_COLLATION_CONNECTION=@@COLLATION_CONNECTION */;
/*!50503 SET NAMES utf8 */;
/*!40103 SET @OLD_TIME_ZONE=@@TIME_ZONE */;
/*!40103 SET TIME_ZONE='+00:00' */;
/*!40014 SET @OLD_UNIQUE_CHECKS=@@UNIQUE_CHECKS, UNIQUE_CHECKS=0 */;
/*!40014 SET @OLD_FOREIGN_KEY_CHECKS=@@FOREIGN_KEY_CHECKS, FOREIGN_KEY_CHECKS=0 */;
/*!40101 SET @OLD_SQL_MODE=@@SQL_MODE, SQL_MODE='NO_AUTO_VALUE_ON_ZERO' */;
/*!40111 SET @OLD_SQL_NOTES=@@SQL_NOTES, SQL_NOTES=0 */;

--
-- Table structure for table `address`
--

DROP TABLE IF EXISTS `address`;
/*!40101 SET @saved_cs_client     = @@character_set_client */;
/*!50503 SET character_set_client = utf8mb4 */;
CREATE TABLE `address` (
  `id` bigint NOT NULL AUTO_INCREMENT,
  `address` varchar(255) COLLATE utf8mb4_unicode_ci DEFAULT NULL,
  `address_type` varchar(255) COLLATE utf8mb4_unicode_ci DEFAULT NULL,
  `company` varchar(255) COLLATE utf8mb4_unicode_ci DEFAULT NULL,
  `district` varchar(255) COLLATE utf8mb4_unicode_ci DEFAULT NULL,
  `name` varchar(255) COLLATE utf8mb4_unicode_ci DEFAULT NULL,
  `phone` varchar(255) COLLATE utf8mb4_unicode_ci DEFAULT NULL,
  `province` varchar(255) COLLATE utf8mb4_unicode_ci DEFAULT NULL,
  `ward` varchar(255) COLLATE utf8mb4_unicode_ci DEFAULT NULL,
  `user_id` int NOT NULL,
  PRIMARY KEY (`id`),
  KEY `FKda8tuywtf0gb6sedwk7la1pgi` (`user_id`),
  CONSTRAINT `FKda8tuywtf0gb6sedwk7la1pgi` FOREIGN KEY (`user_id`) REFERENCES `user` (`id`)
) ENGINE=InnoDB AUTO_INCREMENT=4 DEFAULT CHARSET=utf8mb4 COLLATE=utf8mb4_unicode_ci;
/*!40101 SET character_set_client = @saved_cs_client */;

--
-- Dumping data for table `address`
--

LOCK TABLES `address` WRITE;
/*!40000 ALTER TABLE `address` DISABLE KEYS */;
INSERT INTO `address` VALUES (1,'Trường Đại học Mở thành phố Hồ Chí Minh',NULL,NULL,'huyện Nhà Bè','Admin','0338688127','TP. Hồ Chí Minh','Nhơn Đức',1),(2,'Phường Hiệp Bình Phước, huyện Nhà Bè',NULL,NULL,'huyện Nhà Bè','Huỳnh Duy Đông','0326470586','TP. Hồ Chí Minh','Hiệp Bình Phước',2);
/*!40000 ALTER TABLE `address` ENABLE KEYS */;
UNLOCK TABLES;

--
-- Table structure for table `categories`
--

DROP TABLE IF EXISTS `categories`;
/*!40101 SET @saved_cs_client     = @@character_set_client */;
/*!50503 SET character_set_client = utf8mb4 */;
CREATE TABLE `categories` (
  `id` bigint NOT NULL AUTO_INCREMENT,
  `name` varchar(255) COLLATE utf8mb4_unicode_ci DEFAULT NULL,
  `parent_id` bigint DEFAULT NULL,
  `thumbnail_url` varchar(255) COLLATE utf8mb4_unicode_ci DEFAULT NULL,
  `url_key` varchar(255) COLLATE utf8mb4_unicode_ci DEFAULT NULL,
  PRIMARY KEY (`id`),
  UNIQUE KEY `UKgaa2nvscyupul5j6vt3xioeay` (`url_key`)
) ENGINE=InnoDB AUTO_INCREMENT=25 DEFAULT CHARSET=utf8mb4 COLLATE=utf8mb4_unicode_ci;
/*!40101 SET character_set_client = @saved_cs_client */;

--
-- Dumping data for table `categories`
--

LOCK TABLES `categories` WRITE;
/*!40000 ALTER TABLE `categories` DISABLE KEYS */;
INSERT INTO `categories` VALUES (1,'Laptop',NULL,'https://cdn2.fptshop.com.vn/unsafe/180x0/filters:quality(100)/laptop_cate_thumb_f8bef6898b.png','laptop'),(2,'Điện thoại',NULL,'https://cdn2.fptshop.com.vn/unsafe/96x0/filters:quality(100)/phone_cate_0d84a35c3a.png','dien-thoai'),(3,'Máy tính bảng',NULL,'https://cdn2.fptshop.com.vn/unsafe/96x0/filters:quality(100)/may_tinh_bang_cate_thumb_00e3b3eefa.png','may-tinh-bang'),(4,'Đồng hồ thông minh',NULL,'https://cdn2.fptshop.com.vn/unsafe/96x0/filters:quality(100)/dong_ho_cate_thumb_fefdd822ba.png','dong-ho-thong-minh'),(5,'Tai nghe',NULL,'https://firebasestorage.googleapis.com/v0/b/lavenshop-c9862.appspot.com/o/category_images%2F1727045591630.webp?alt=media&token=331f0522-73eb-46ae-97d9-cbcbf74a902f','Tai-nghe'),(6,'Chuột máy tính',NULL,'https://firebasestorage.googleapis.com/v0/b/lavenshop-c9862.appspot.com/o/category_images%2F1728662197343.jpeg?alt=media&token=1190b78f-934c-4769-a2a8-e519f6d78dae','Chuột-máy-tính'),(7,'Màn hình',NULL,'https://cdn2.fptshop.com.vn/unsafe/96x0/filters:quality(100)/man_hinh_cate_thumb_f68d362f1e.png','man-hinh'),(8,'Cáp sạc',NULL,'https://cdn2.fptshop.com.vn/unsafe/180x0/filters:quality(100)/2022_11_22_638047060171322262_HASP-CAP-DEVIA-GRACIUOS-USBC-TO-LIGHTNING-1.5-DEN-AVT.jpg','cap-sac'),(9,'Củ sạc',NULL,'https://cdn2.fptshop.com.vn/unsafe/180x0/filters:quality(100)/2023_8_14_638276182011142335_MINI-CUBE-20W-DEN-AVT.jpg','cu-sac'),(10,'Loa',NULL,'https://cdn2.fptshop.com.vn/unsafe/180x0/filters:quality(100)/2023_2_27_638131130416847964_HASP-LOA-JBL-GO-ESSENTIAL-AVT.jpg','loa'),(11,'Bàn phím',NULL,'https://cdn2.fptshop.com.vn/unsafe/180x0/filters:quality(100)/2024_6_25_638549209335557184_logitech-pro-x-tkl-thumb.png','ban-phim'),(14,'Camera',NULL,'https://img.tgdd.vn/imgt/f_webp,fit_outside,quality_100/https://cdn.tgdd.vn//content/icon-camera-128x129.png','camera');
/*!40000 ALTER TABLE `categories` ENABLE KEYS */;
UNLOCK TABLES;

--
-- Table structure for table `notifications`
--

DROP TABLE IF EXISTS `notifications`;
/*!40101 SET @saved_cs_client     = @@character_set_client */;
/*!50503 SET character_set_client = utf8mb4 */;
CREATE TABLE `notifications` (
  `id` bigint NOT NULL AUTO_INCREMENT,
  `message` varchar(255) COLLATE utf8mb4_unicode_ci DEFAULT NULL,
  `timestamp` datetime(6) DEFAULT NULL,
  `title` varchar(255) COLLATE utf8mb4_unicode_ci DEFAULT NULL,
  PRIMARY KEY (`id`)
) ENGINE=InnoDB AUTO_INCREMENT=13 DEFAULT CHARSET=utf8mb4 COLLATE=utf8mb4_unicode_ci;
/*!40101 SET character_set_client = @saved_cs_client */;

--
-- Dumping data for table `notifications`
--

LOCK TABLES `notifications` WRITE;
/*!40000 ALTER TABLE `notifications` DISABLE KEYS */;
INSERT INTO `notifications` VALUES (9,'a','2024-09-19 22:22:55.023000','a'),(10,'Sản phẩm Chuột không dây LOGITECH M331 Black Cổng USB - Hàng chính hãng đang có khuyến mãi sốc lên đến 20.0, với giá gốc là 339000.0!!!! Hãy nhanh chóng mua sắm ngay hôm nay!','2024-09-19 22:24:53.225000','KHUYẾN MÃI CỰC SỐC CHÀO HÈ 2024!'),(11,'Sản phẩm Apple iPhone 12 đang có khuyến mãi sốc lên đến 0.0, với giá gốc là 1.275E7!!!! Hãy nhanh chóng mua sắm ngay hôm nay!','2024-09-19 22:27:34.001000','KHUYẾN MÃI CỰC SỐC CHÀO HÈ 2024!'),(12,'Sản phẩm Apple iPhone 12 đang có khuyến mãi sốc lên đến 10.0, với giá gốc là 1.275E7!!!! Hãy nhanh chóng mua sắm ngay hôm nay!','2024-09-23 06:04:45.447000','KHUYẾN MÃI CỰC SỐC CHÀO HÈ 2024!');
/*!40000 ALTER TABLE `notifications` ENABLE KEYS */;
UNLOCK TABLES;

--
-- Table structure for table `orders`
--

DROP TABLE IF EXISTS `orders`;
/*!40101 SET @saved_cs_client     = @@character_set_client */;
/*!50503 SET character_set_client = utf8mb4 */;
CREATE TABLE `orders` (
  `id` bigint NOT NULL AUTO_INCREMENT,
  `address_id` bigint NOT NULL,
  `created_at` datetime(6) DEFAULT NULL,
  `note` varchar(255) COLLATE utf8mb4_unicode_ci DEFAULT NULL,
  `payment_method` varchar(255) COLLATE utf8mb4_unicode_ci DEFAULT NULL,
  `payment_status` varchar(255) COLLATE utf8mb4_unicode_ci DEFAULT NULL,
  `shipping_fee` double NOT NULL,
  `status` varchar(255) COLLATE utf8mb4_unicode_ci DEFAULT NULL,
  `total` double NOT NULL,
  `user_id` bigint NOT NULL,
  `paypal_id` varchar(255) COLLATE utf8mb4_unicode_ci DEFAULT NULL,
  PRIMARY KEY (`id`)
) ENGINE=InnoDB AUTO_INCREMENT=86 DEFAULT CHARSET=utf8mb4 COLLATE=utf8mb4_unicode_ci;
/*!40101 SET character_set_client = @saved_cs_client */;

--
-- Dumping data for table `orders`
--

LOCK TABLES `orders` WRITE;
/*!40000 ALTER TABLE `orders` DISABLE KEYS */;
INSERT INTO `orders` VALUES (1,0,'2024-09-18 16:38:53.884402',NULL,'COD','PENDING',20000,'PREPARING',50531200,1,NULL),(3,0,'2024-09-18 16:45:13.591282',NULL,'PAYPAL','PENDING',20000,'PREPARING',291200,1,'4LN70440B7614921T'),(4,0,'2024-09-18 16:51:33.317044',NULL,'PAYPAL','PENDING',20000,'PREPARING',291200,1,'7GX509947L168910W'),(5,0,'2024-09-18 16:52:04.629186',NULL,'PAYPAL','PENDING',20000,'PREPARING',291200,1,'067929249G099594W'),(6,0,'2024-09-18 16:59:27.571591',NULL,'PAYPAL','PENDING',20000,'PREPARING',291200,1,'3KT85233K2709374R'),(7,0,'2024-09-18 17:04:28.742987',NULL,'PAYPAL','PENDING',20000,'PREPARING',291200,1,'3S541256KK928874D'),(8,0,'2024-09-18 17:07:51.695056',NULL,'PAYPAL','COMPLETED',20000,'PREPARING',291200,1,'8YA550925V8773027'),(9,0,'2024-09-18 17:14:25.523325',NULL,'PAYPAL','COMPLETED',20000,'PREPARING',13041200,1,'97L29876V1915960X'),(10,0,'2024-09-18 17:19:53.226070',NULL,'PAYPAL','PENDING',20000,'PREPARING',6510000,1,'1UF85284Y0449011F'),(11,0,'2024-09-18 17:23:33.411837',NULL,'PAYPAL','COMPLETED',20000,'PREPARING',12770000,1,'7UJ446901X046440M'),(12,0,'2024-09-21 08:16:10.907373',NULL,'PAYPAL','PENDING',20000,'PREPARING',5610000,2,'9SL66817F89864439'),(13,0,'2024-09-21 08:27:24.574094',NULL,'PAYPAL','PENDING',20000,'PREPARING',5881200,2,'20W41193RB041690S'),(14,0,'2024-09-21 08:28:50.426833',NULL,'PAYPAL','PENDING',20000,'PREPARING',5881200,2,'4Y45181774936871R'),(15,0,'2024-09-21 08:31:21.554721',NULL,'PAYPAL','PENDING',20000,'PREPARING',15310000,2,'4A4782860W484500U'),(16,0,'2024-09-21 08:32:20.713049',NULL,'PAYPAL','PENDING',20000,'PREPARING',291200,2,'62551015U1833631V'),(17,0,'2024-09-21 08:33:58.826687',NULL,'PAYPAL','PENDING',20000,'PREPARING',291200,2,'5GA47471564649057'),(18,0,'2024-09-21 08:34:25.851430',NULL,'COD','PENDING',20000,'PREPARING',291200,2,NULL),(19,0,'2024-09-21 08:36:57.115329',NULL,'PAYPAL','PENDING',20000,'PREPARING',291200,2,'5TU27778T1877260D'),(20,0,'2024-09-21 08:41:06.176741',NULL,'PAYPAL','PENDING',20000,'PREPARING',291200,2,'7PR114190X5188132'),(21,0,'2024-09-21 08:46:58.721605',NULL,'PAYPAL','PENDING',20000,'PREPARING',291200,2,'1CA92157W2116133E'),(22,0,'2024-09-21 08:52:03.111381',NULL,'PAYPAL','PENDING',20000,'PREPARING',291200,2,'0M896013N33717739'),(23,0,'2024-09-21 09:06:17.181336',NULL,'PAYPAL','COMPLETED',20000,'PREPARING',291200,2,'6FR19083FV756040B'),(24,0,'2024-09-21 09:14:09.630652',NULL,'PAYPAL','PENDING',20000,'PREPARING',6781200,1,'3X401250F57406613'),(25,0,'2024-09-21 09:17:02.831580',NULL,'PAYPAL','PENDING',20000,'PREPARING',291200,2,'49Y89898MX015332N'),(26,0,'2024-09-21 09:22:44.802171',NULL,'PAYPAL','COMPLETED',20000,'PREPARING',12770000,2,'0E00598852947132J'),(27,0,'2024-09-21 09:31:31.382763',NULL,'PAYPAL','PENDING',20000,'PREPARING',291200,1,'2NS447541R9264708'),(28,0,'2024-09-21 09:37:05.486306',NULL,'PAYPAL','PENDING',20000,'PREPARING',5610000,2,'3VV37505BK6823806'),(29,0,'2024-09-21 09:38:58.320385',NULL,'COD','PENDING',20000,'PREPARING',5610000,2,NULL),(30,0,'2024-09-21 09:39:17.702726',NULL,'COD','PENDING',20000,'PREPARING',5610000,2,NULL),(31,0,'2024-09-21 09:39:28.293423',NULL,'PAYPAL','PENDING',20000,'PREPARING',5610000,2,'57B87805EN8558056'),(32,0,'2024-09-21 09:51:56.796876',NULL,'PAYPAL','PENDING',20000,'PREPARING',5610000,2,'40C13807WG036673P'),(33,0,'2024-09-21 10:03:52.167547',NULL,'PAYPAL','PENDING',20000,'PREPARING',5610000,2,'4N041948TL4427304'),(34,0,'2024-09-21 10:05:13.585241',NULL,'COD','PENDING',20000,'PREPARING',5610000,2,NULL),(35,0,'2024-09-21 10:05:30.776372',NULL,'PAYPAL','PENDING',20000,'PREPARING',291200,2,'94146293S2281204G'),(36,0,'2024-09-21 17:29:55.704605',NULL,'PAYPAL','PENDING',20000,'PREPARING',4939200,1,'08Y29209VY261070U'),(37,0,'2024-09-21 19:06:05.689644',NULL,'PAYPAL','PENDING',20000,'PREPARING',10800400,1,'8E596928S7236014Y'),(38,0,'2024-09-21 19:05:56.953961',NULL,'PAYPAL','PENDING',20000,'PREPARING',10800400,1,'7SK57270JL9217802'),(39,0,'2024-09-21 19:12:11.952235',NULL,'PAYPAL','PENDING',20000,'PREPARING',10800400,1,'0YD31601HP645821M'),(40,0,'2024-09-21 19:21:37.377260',NULL,'PAYPAL','PENDING',20000,'PREPARING',10800400,1,'4K103029LG6216344'),(41,0,'2024-09-21 19:21:29.294396',NULL,'PAYPAL','PENDING',20000,'PREPARING',10800400,1,'7JD995015M900573L'),(42,0,'2024-09-21 19:27:29.395029',NULL,'PAYPAL','COMPLETED',20000,'PREPARING',10800400,1,'89H30825U8313593L'),(43,0,'2024-09-21 19:52:48.972499',NULL,'PAYPAL','COMPLETED',20000,'PREPARING',12770000,1,'5PK59295J7919145F'),(44,0,'2024-09-21 19:57:16.332208',NULL,'PAYPAL','COMPLETED',20000,'PREPARING',4939200,1,'27E56989TV643681R'),(45,0,'2024-09-21 19:58:16.614872',NULL,'PAYPAL','PENDING',20000,'PREPARING',5610000,1,'4P9809683M214382L'),(46,0,'2024-09-21 20:05:01.904188',NULL,'PAYPAL','COMPLETED',20000,'PREPARING',4939200,1,'95L39703WF606590H'),(47,0,'2024-09-21 20:08:24.472981',NULL,'PAYPAL','PENDING',20000,'PREPARING',4939200,1,'5HK1191449477192D'),(48,0,'2024-09-21 20:32:59.587196',NULL,'PAYPAL','PENDING',20000,'PREPARING',12770000,2,'3KW772962R517614C'),(49,0,'2024-09-21 20:52:45.610217',NULL,'PAYPAL','PENDING',20000,'PREPARING',12770000,2,'16316012JF1422139'),(50,0,'2024-09-21 20:55:32.755632',NULL,'PAYPAL','COMPLETED',20000,'PREPARING',12770000,2,'9BU08796W0232112N'),(51,0,'2024-09-21 20:59:15.342409',NULL,'PAYPAL','COMPLETED',20000,'PREPARING',291200,1,'7DS10114TD247132J'),(52,0,'2024-09-21 21:01:38.443238',NULL,'PAYPAL','COMPLETED',20000,'PREPARING',291200,1,'1LU114945P510193K'),(53,0,'2024-09-21 21:06:08.633148',NULL,'PAYPAL','COMPLETED',20000,'PREPARING',12770000,2,'7BE62706DP4059259'),(54,0,'2024-09-21 21:10:37.389920',NULL,'PAYPAL','COMPLETED',20000,'PREPARING',5610000,2,'68N78360U75755237'),(55,0,'2024-09-21 21:16:47.146938',NULL,'PAYPAL','COMPLETED',20000,'PREPARING',12770000,2,'06016164U24084133'),(56,0,'2024-09-21 21:27:04.698511',NULL,'PAYPAL','COMPLETED',20000,'PREPARING',4939200,2,'1FU114653A050012W'),(57,0,'2024-09-21 21:33:50.848422',NULL,'PAYPAL','COMPLETED',20000,'PREPARING',12770000,2,'3JX03153AC4609038'),(58,0,'2024-09-21 21:44:12.854384',NULL,'COD','PENDING',20000,'PREPARING',17689200,2,NULL),(59,0,'2024-09-21 21:45:09.205709',NULL,'PAYPAL','COMPLETED',20000,'PREPARING',5610000,2,'5KL936518V0936848'),(60,0,'2024-09-21 21:46:14.156360',NULL,'PAYPAL','PENDING',20000,'PREPARING',36090000,2,'6NK92325UD510671C'),(61,0,'2024-09-21 21:55:33.170055',NULL,'PAYPAL','COMPLETED',20000,'PREPARING',291200,2,'53K790578S4821343'),(62,0,'2024-09-21 21:55:28.090816',NULL,'PAYPAL','PENDING',20000,'PREPARING',291200,2,'64149037BN9088232'),(63,0,'2024-09-24 16:09:34.400967',NULL,'PAYPAL','COMPLETED',20000,'PREPARING',291200,2,'9VF83824TJ3951541'),(64,0,'2024-09-24 18:54:39.064989',NULL,'PAYPAL','PENDING',20000,'PREPARING',291200,1,'0GV47958HP9549715'),(65,0,'2024-10-06 03:37:30.375835',NULL,'PAYPAL','PENDING',20000,'PREPARING',16183700,2,'2YM44459BT000715W'),(66,0,'2024-10-06 14:12:05.935124',NULL,'PAYPAL','PENDING',20000,'PREPARING',16183700,2,'48268148GK204180W'),(67,0,'2024-10-07 21:18:21.023295',NULL,'PAYPAL','PENDING',20000,'PREPARING',11766200,1,'51T10248UV942282K'),(68,0,'2024-10-07 21:18:23.950768',NULL,'PAYPAL','COMPLETED',20000,'PREPARING',11766200,1,'8PY13745VA596101R'),(69,0,'2024-10-07 21:18:26.757764',NULL,'PAYPAL','PENDING',20000,'PREPARING',11766200,1,'4P941171E87931452'),(70,0,'2024-10-16 21:32:32.967649',NULL,'PAYPAL','PENDING',20000,'PREPARING',16200650,2,'9T607842W8276993U'),(71,0,'2024-10-16 21:32:34.473091',NULL,'PAYPAL','PENDING',20000,'PREPARING',16200650,2,'0DT08514RP4423452'),(72,0,'2024-10-16 21:32:36.124105',NULL,'PAYPAL','PENDING',20000,'PREPARING',16200650,2,'46J80054W0903605U'),(73,0,'2024-10-16 21:51:29.486605',NULL,'PAYPAL','PENDING',20000,'PREPARING',1116800,2,'9M966105R27379700'),(74,0,'2024-10-16 21:51:31.184779',NULL,'PAYPAL','PENDING',20000,'PREPARING',1116800,2,'2YE19248071417711'),(75,0,'2024-10-16 21:51:31.409298',NULL,'PAYPAL','PENDING',20000,'PREPARING',1116800,2,'34E7645905704230K'),(76,0,'2024-10-16 21:51:21.658663',NULL,'PAYPAL','PENDING',20000,'PREPARING',1116800,2,'25876199KW940444J'),(77,0,'2024-10-16 21:51:26.080064',NULL,'PAYPAL','PENDING',20000,'PREPARING',1116800,2,'8GJ64696WN8975704'),(78,0,'2024-10-16 21:57:17.395198',NULL,'PAYPAL','PENDING',20000,'PREPARING',113044400,2,'05K35031MS879662C'),(79,0,'2024-10-16 21:57:10.912086',NULL,'PAYPAL','PENDING',20000,'PREPARING',113044400,2,'25V1471151779023B'),(80,0,'2024-10-16 21:57:12.721574',NULL,'PAYPAL','PENDING',20000,'PREPARING',113044400,2,'9AJ72321J4747504W'),(81,0,'2024-10-16 22:02:25.643576',NULL,'PAYPAL','PENDING',20000,'PREPARING',30111400,2,'20B468945T085832C'),(82,0,'2024-10-16 22:06:10.239294',NULL,'PAYPAL','PENDING',20000,'PREPARING',37510000,2,'0PL23034TE7780824'),(83,0,'2024-10-16 22:06:11.655212',NULL,'PAYPAL','COMPLETED',20000,'PREPARING',37510000,2,'60K75269539632305'),(84,0,'2024-10-16 22:11:22.589597',NULL,'PAYPAL','COMPLETED',20000,'PREPARING',11495000,2,'5X568008F0400880A'),(85,0,'2024-10-16 22:16:18.365666',NULL,'PAYPAL','PENDING',20000,'PREPARING',30111400,2,'48826799U4587294D');
/*!40000 ALTER TABLE `orders` ENABLE KEYS */;
UNLOCK TABLES;

--
-- Table structure for table `product_options`
--

DROP TABLE IF EXISTS `product_options`;
/*!40101 SET @saved_cs_client     = @@character_set_client */;
/*!50503 SET character_set_client = utf8mb4 */;
CREATE TABLE `product_options` (
  `id` bigint NOT NULL AUTO_INCREMENT,
  `name` varchar(255) COLLATE utf8mb4_unicode_ci DEFAULT NULL,
  `value` varchar(255) COLLATE utf8mb4_unicode_ci DEFAULT NULL,
  `product_id` bigint NOT NULL,
  PRIMARY KEY (`id`),
  KEY `FK8vv4f8fru80wxocwgxwsrow61` (`product_id`),
  CONSTRAINT `FK8vv4f8fru80wxocwgxwsrow61` FOREIGN KEY (`product_id`) REFERENCES `products` (`id`)
) ENGINE=InnoDB AUTO_INCREMENT=181 DEFAULT CHARSET=utf8mb4 COLLATE=utf8mb4_unicode_ci;
/*!40101 SET character_set_client = @saved_cs_client */;

--
-- Dumping data for table `product_options`
--

LOCK TABLES `product_options` WRITE;
/*!40000 ALTER TABLE `product_options` DISABLE KEYS */;
INSERT INTO `product_options` VALUES (1,'Thương hiệu','Logitech',1),(2,'Xuất xứ thương hiệu','Thụy Sĩ',1),(3,'Kích thước','Chiều cao: 105,4 mm - Chiều rộng: 67,9 mm - Chiều dày: 38,4 mm',1),(4,'Độ phân giải quang học','1000DPI',1),(5,'Tính năng','Silent không tiếng ồn',1),(6,'Model','M331',1),(7,'Xuất xứ','Trung Quốc',1),(8,'Trọng lượng','0.2',1),(9,'Màu','đỏ',2),(10,'Dung lượng','64GB',2),(11,'Dung lượng','128GB',2),(12,'Dung lượng','256GB',2),(13,'Dung lượng','512GB',2),(14,'Màu','Xanh Dương',3),(15,'Màu','Đen',3),(16,'Màu','Bạc',3),(17,'Màu','Đen',4),(18,'Màu','Đen',4),(19,'Màu','Đen',4),(20,'Màu','Đen',5),(21,'Màu','Bạc',5),(22,'Màu','Xanh Dương',6),(23,'Màu','Đen',6),(24,'Màu','Bạc',6),(25,'Màu','Silver',9),(26,'Màu','Đen',12),(27,'Màu','Trắng',12),(28,'Màu','Hồng',12),(29,'Dung lượng','256GB',18),(30,'Dung lượng','512GB',18),(31,'Dung lượng','1TB',18),(32,'Màu','Titan xanh',18),(33,'Màu','Titan tự nhiên',18),(34,'Màu','Titan đen',18),(35,'Màu','Titan trắng',18),(36,'Dung lượng','256GB',19),(37,'Dung lượng','512GB',19),(38,'Dung lượng','1TB',19),(39,'Màu','Xám',19),(40,'Màu','Tím',19),(41,'Màu','Đen',19),(42,'Màu','Vàng',19),(43,'Màu','Đen',21),(44,'Màu','Xám',22),(45,'Màu','Bạc',22),(46,'Màu','Trắng',22),(47,'Màu','Đen',22),(48,'Màu','Xám',23),(49,'Màu','Trắng',24),(50,'Màu','Bạc',25),(51,'Màu','Đen',25),(52,'Màu','Titan Đen',26),(53,'Màu','Titan Trắng',26),(54,'Màu','Titan Xanh',26),(55,'Màu','Titan Tự Nhiên',26),(56,'Màu','Vàng',27),(57,'Màu','Xám',27),(58,'Màu','Đen',27),(59,'Màu','Tím',27),(60,'Màu','Trắng',28),(61,'Màu','Vàng',28),(62,'Màu','Đen',28),(63,'Màu','Bạc',28),(64,'Màu','Bạc',29),(65,'Màu','Đen',29),(66,'Màu','Trắng vàng',31),(67,'Màu','Tím',31),(68,'Màu','Hồng',31),(69,'Màu','Xám',31),(70,'Dung lượng','64GB',31),(71,'Dung lượng','128GB',31),(72,'Dung lượng','256GB',31),(73,'Màu','Trắng',32),(74,'Màu','Đen',32),(75,'Màu','Bạc',33),(76,'Màu','Đen',33),(77,'Màu','Bạc',34),(78,'Màu','Đen',34),(79,'Màu','Đỏ',35),(80,'Màu','Xanh dương',35),(81,'Màu','Đen',35),(82,'Màu','Camo',35),(83,'Màu','Xám',35),(84,'Màu','Hồng',35),(85,'Màu','Xanh ngọc',35),(86,'Màu','Xanh lá',35),(87,'Màu','Đen',36),(88,'Màu','Xám',36),(89,'Màu','Trắng',36),(90,'Màu','Xanh',36),(91,'Màu','Đen',37),(92,'Màu','Vàng',37),(93,'Màu','Trắng',37),(94,'Màu','Kem',39),(95,'Màu','Xám',39),(96,'Dung lượng','16GB 1TB',39),(97,'Dung lượng','12GB 512GB',39),(98,'Dung lượng','12GB 256GB',39),(99,'Màu','Cam',40),(100,'Màu','Xanh dương',40),(101,'Màu','Đen',40),(102,'Màu','Bạc',40),(103,'Màu','Xám',40),(104,'Màu','Bạc',3),(105,'Màu','Xanh Dương',3),(106,'Màu','Đen',3),(173,'Màu','Trắng ',6),(174,'Màu','Trắng',4),(175,'Màu','Xanh',4);
/*!40000 ALTER TABLE `product_options` ENABLE KEYS */;
UNLOCK TABLES;

--
-- Table structure for table `product_specifications`
--

DROP TABLE IF EXISTS `product_specifications`;
/*!40101 SET @saved_cs_client     = @@character_set_client */;
/*!50503 SET character_set_client = utf8mb4 */;
CREATE TABLE `product_specifications` (
  `id` bigint NOT NULL AUTO_INCREMENT,
  `create_date` datetime(6) DEFAULT NULL,
  `created_by` bigint DEFAULT NULL,
  `update_date` datetime(6) DEFAULT NULL,
  `updated_by` bigint DEFAULT NULL,
  `name` varchar(255) COLLATE utf8mb4_unicode_ci DEFAULT NULL,
  `value` varchar(255) COLLATE utf8mb4_unicode_ci DEFAULT NULL,
  `product_id` bigint NOT NULL,
  PRIMARY KEY (`id`),
  KEY `FKbets5sov4bn9d2wy8vqathw6d` (`product_id`),
  CONSTRAINT `FKbets5sov4bn9d2wy8vqathw6d` FOREIGN KEY (`product_id`) REFERENCES `products` (`id`)
) ENGINE=InnoDB AUTO_INCREMENT=566 DEFAULT CHARSET=utf8mb4 COLLATE=utf8mb4_unicode_ci;
/*!40101 SET character_set_client = @saved_cs_client */;

--
-- Dumping data for table `product_specifications`
--

LOCK TABLES `product_specifications` WRITE;
/*!40000 ALTER TABLE `product_specifications` DISABLE KEYS */;
INSERT INTO `product_specifications` VALUES (7,NULL,NULL,'2024-09-23 02:05:13.388642',NULL,'Xuất xứ','Trung Quốc',7),(8,NULL,NULL,'2024-09-23 02:05:13.381830',NULL,'Trọng lượng','0.2',8),(27,NULL,NULL,'2024-09-23 02:16:15.561511',NULL,'Thời gian pin','30h',27),(28,NULL,NULL,'2024-09-23 02:16:15.554384',NULL,'Thương hiệu','Sony',28),(29,NULL,NULL,'2024-09-23 02:16:15.557357',NULL,'Xuất xứ thương hiệu','Nhật Bản',29),(30,NULL,NULL,'2024-09-23 02:16:15.559353',NULL,'Thời gian sạc','3h',30),(31,NULL,NULL,'2024-09-23 02:16:15.569018',NULL,'Kết nối','Bluetooth 5.0',31),(32,NULL,NULL,'2024-09-23 02:16:15.573011',NULL,'Kích thước','10 x 7.2 x 5.1 cm',32),(33,NULL,NULL,'2024-09-23 02:16:15.553398',NULL,'Xuất xứ','Trung Quốc',33),(34,NULL,NULL,'2024-09-23 02:16:15.552396',NULL,'Model','WH-1000XM4',34),(35,NULL,NULL,'2024-09-23 02:16:15.541174',NULL,'Cổng sạc','Type-C',35),(36,NULL,NULL,'2024-09-23 02:16:15.555367',NULL,'Trọng lượng sản phẩm','254g',36),(58,NULL,NULL,NULL,NULL,'Loại card đồ họa','NVIDIA GeForce RTX 3050 4GB GDDR6 - Intel Iris Xe Graphics',7),(59,NULL,NULL,NULL,NULL,'Dung lượng RAM','8GB',7),(60,NULL,NULL,NULL,NULL,'Loại RAM','DDR4-3200 SO-DIMM',7),(61,NULL,NULL,NULL,NULL,'Số khe ram','2 khe SO-DIMM (Nâng cấp tối đa 32GB)',7),(62,NULL,NULL,NULL,NULL,'Ổ cứng','512GB PCIe 3.0 NVMe M.2 SSD (1 khe SSD M.2 trống nâng cấp tối đa đến 1TB)',7),(63,NULL,NULL,NULL,NULL,'Kích thước màn hình','15.6 inches',7),(64,NULL,NULL,NULL,NULL,'Công nghệ màn hình','Độ sáng 250nits - Độ phủ màu: NTSC 45%, SRGB 62.50%, Adobe 47.34% - Màn hình chống chói - Adaptive-Sync',7),(65,NULL,NULL,NULL,NULL,'Pin','56WHrs, 4S1P, 4-cell Li-ion',7),(66,NULL,NULL,NULL,NULL,'Hệ điều hành','Windows 11 Home',7),(67,NULL,NULL,NULL,NULL,'Độ phân giải màn hình','1920 x 1080 pixels (FullHD)',7),(68,NULL,NULL,NULL,NULL,'Màn hình','15.6 inch, 1920 x 1080 Pixels, IPS, Hãng không công bố Hz, 300 nits, IPS',8),(69,NULL,NULL,NULL,NULL,'Dung lượng RAM','16GB',8),(70,NULL,NULL,NULL,NULL,'Loại RAM','DDR4-3200 SO-DIMM',8),(71,NULL,NULL,NULL,NULL,'Số khe ram','2 khe SO-DIMM Nâng cấp tối đa 32GB',8),(72,NULL,NULL,NULL,NULL,'Ổ cứng','512GB',8),(73,NULL,NULL,NULL,NULL,'Kích thước màn hình','15.6 inches',8),(74,NULL,NULL,NULL,NULL,'Công nghệ màn hình','Độ sáng 250nits - Độ phủ màu: NTSC 45%, SRGB 62.50%, Adobe 47.34% - Màn hình chống chói - Adaptive-Sync',8),(75,NULL,NULL,NULL,NULL,'Pin','56WHrs, 4S1P, 4-cell Li-ion',8),(76,NULL,NULL,NULL,NULL,'Hệ điều hành','Windows 11 Home Single Language',8),(77,NULL,NULL,NULL,NULL,'Độ phân giải màn hình','1920 x 1080 pixels (FullHD)',8),(78,NULL,NULL,NULL,NULL,'CPU','Intel, Core i7, 1255U',8),(79,NULL,NULL,NULL,NULL,'Kích thước','359.2 x 236.5 x 19.9 mm',8),(80,NULL,NULL,NULL,NULL,'Đồ họa','Intel Iris Xe Graphics',8),(81,NULL,NULL,NULL,NULL,'Bluetooth','V5.0',9),(82,NULL,NULL,NULL,NULL,'Thương hiệu','Apple',9),(83,NULL,NULL,NULL,NULL,'Xuất xứ thương hiệu','Mỹ',9),(84,NULL,NULL,NULL,NULL,'Camera','Camera FaceTime HD 720p',9),(85,NULL,NULL,NULL,NULL,'Card đồ họa','Card tích hợp - 7 nhân GPU',9),(86,NULL,NULL,NULL,NULL,'Chip set','Chip Apple M1',9),(87,NULL,NULL,NULL,NULL,'Kết nối','2 cổng Thunderbolt / USB 4',9),(88,NULL,NULL,NULL,NULL,'CPU','8 nhân với 4 nhân hiệu năng cao và 4 nhân tiết kiệm điện',9),(89,NULL,NULL,NULL,NULL,'Kích thước','1.61 cm x 30.41 cm x 21.24 cm',9),(90,NULL,NULL,NULL,NULL,'Loại/ Công nghệ màn hình','Độ sáng 400 nits, Hỗ trợ dải màu P3 True-Tone',9),(91,NULL,NULL,NULL,NULL,'Dung lượng ổ cứng','256GB',9),(92,NULL,NULL,NULL,NULL,'Kết nối không dây khác','Bluetooth 5.0, Wi-Fi 6 802.11ax',9),(93,NULL,NULL,NULL,NULL,'Loại pin','pin Li-Po',9),(94,NULL,NULL,NULL,NULL,'Loại RAM','LPDDR4',9),(95,NULL,NULL,NULL,NULL,'Nơi sản xuất','Trung Quốc',9),(96,NULL,NULL,NULL,NULL,'Xuất xứ','Trung Quốc',9),(97,NULL,NULL,NULL,NULL,'Trọng lượng sản phẩm','1.29 kg',9),(98,NULL,NULL,NULL,NULL,'RAM','8GB',9),(99,NULL,NULL,NULL,NULL,'Độ phân giải','1600 x 2560 Pixels',9),(100,NULL,NULL,NULL,NULL,'Kích thước màn hình','13.3 inch',9),(101,NULL,NULL,NULL,NULL,'Cổng sạc ra','1 x Type-C',10),(102,NULL,NULL,NULL,NULL,'Sạc tối đa','1 thiết bị',10),(103,NULL,NULL,NULL,NULL,'Công suất sạc','20W',10),(104,NULL,NULL,NULL,NULL,'Tính năng','Power Delivery',10),(105,NULL,NULL,NULL,NULL,'Hãng sản xuất','Apple Chính hãng',10),(106,NULL,NULL,NULL,NULL,'Cổng giao tiếp','USB-C',10),(107,NULL,NULL,NULL,NULL,'Thương hiệu','AOC',11),(108,NULL,NULL,NULL,NULL,'Xuất xứ thương hiệu','Trung Quốc',11),(109,NULL,NULL,NULL,NULL,'Kết nối','VGA × 1, HDMI 1.4 × 1',11),(110,NULL,NULL,NULL,NULL,'Kích thước','Kích thước với chân đế (WxHxD): 387.7 (H) × 491.8 (W) × 162.9 (D), Kích thước không có chân đế (WxHxD): 292.5 (H) × 491.8 (W) × 35.8 (D)',11),(111,NULL,NULL,NULL,NULL,'Độ sáng','250 cd/m²',11),(112,NULL,NULL,NULL,NULL,'Độ tương phản','3000 : 1 (Typical) 20 Million : 1 (DCR)',11),(113,NULL,NULL,NULL,NULL,'Góc nhìn','178° (H) / 178° (V) (CR > 10)',11),(114,NULL,NULL,NULL,NULL,'Phụ kiện đi kèm','Cáp nguồn, Cáp VGA',11),(115,NULL,NULL,NULL,NULL,'Model','22B2HN',11),(116,NULL,NULL,NULL,NULL,'Màn hình hiển thị','16.7 Million',11),(117,NULL,NULL,NULL,NULL,'Xuất xứ (Made in)','Trung Quốc',11),(118,NULL,NULL,NULL,NULL,'Trọng lượng sản phẩm','2.29 Kg',11),(119,NULL,NULL,NULL,NULL,'Độ phân giải','1920 x 1080 pixels',11),(120,NULL,NULL,NULL,NULL,'Kích thước màn hình','21.5 inch',11),(121,NULL,NULL,NULL,NULL,'Thời gian đáp ứng','7ms (GtG (BW))',11),(122,NULL,NULL,NULL,NULL,'Tỉ lệ màn hình','16:9',11),(123,NULL,NULL,NULL,NULL,'Tốc độ làm tươi','75Hz',11),(124,NULL,NULL,NULL,NULL,'Sản phẩm có được bảo hành không?','Có',11),(125,NULL,NULL,NULL,NULL,'Có thuế VAT','Có',11),(126,NULL,NULL,NULL,NULL,'Hình thức bảo hành','Điện tử',11),(127,NULL,NULL,NULL,NULL,'Thời gian bảo hành','3 tháng',11),(128,NULL,NULL,NULL,NULL,'Hãng sản xuất','Logitech',12),(129,NULL,NULL,NULL,NULL,'Model','G Pro X Superlight Wireless Black',12),(130,NULL,NULL,NULL,NULL,'Màu','Black',12),(131,NULL,NULL,NULL,NULL,'Tần suất gửi tín hiệu USB','1000 Hz (1ms)',12),(132,NULL,NULL,NULL,NULL,'Bộ vi xử lý','32-bit ARM',12),(133,NULL,NULL,NULL,NULL,'Chuyển động liên tục','70h',12),(134,NULL,NULL,NULL,NULL,'Tương thích','POWERPLAY',12),(135,NULL,NULL,NULL,NULL,'Công nghệ không dây','LIGHTSPEED',12),(136,NULL,NULL,NULL,NULL,'Chân','Nhựa PTFE không pha tạp',12),(137,NULL,NULL,NULL,NULL,'Nút','5 nút',12),(138,NULL,NULL,NULL,NULL,'Cảm biến','HERO',12),(139,NULL,NULL,NULL,NULL,'Độ phân giải','100 – 25.400 DPI',12),(140,NULL,NULL,NULL,NULL,'Tăng tốc tối đa','> 40 G',12),(141,NULL,NULL,NULL,NULL,'Tốc độ tối đa','> 400 IPS',12),(142,NULL,NULL,NULL,NULL,'Kích thước','125,0 x 63,5 x 40,0 mm',12),(143,NULL,NULL,NULL,NULL,'Trọng lượng','< 63 g',12),(144,NULL,NULL,NULL,NULL,'Thương hiệu','FL-ESPORT',13),(145,NULL,NULL,NULL,NULL,'Xuất xứ thương hiệu','Trung Quốc',13),(146,NULL,NULL,NULL,NULL,'Tính năng','Phím cơ',13),(147,NULL,NULL,NULL,NULL,'Xuất xứ (Made in)','Trung Quốc',13),(148,NULL,NULL,NULL,NULL,'Sản phẩm có được bảo hành không?','Có',13),(149,NULL,NULL,NULL,NULL,'Hình thức bảo hành','Tem bảo hành',13),(150,NULL,NULL,NULL,NULL,'Thời gian bảo hành','12 tháng',13),(151,NULL,NULL,NULL,NULL,'Dung lượng pin','Li-ion polymer 27 Wh (tương đương 3.6 V/7500 mAh)',14),(152,NULL,NULL,NULL,NULL,'Thời gian pin','Thời gian phát nhạc: lên đến 20 giờ (phụ thuộc vào mức âm lượng và nội dung âm thanh)',14),(153,NULL,NULL,NULL,NULL,'Thời gian sạc','4 giờ (5V/3A)',14),(154,NULL,NULL,NULL,NULL,'Công suất','30W RMS cho loa trầm, 10W RMS cho loa tweeter',14),(155,NULL,NULL,NULL,NULL,'Thương hiệu','JBL',14),(156,NULL,NULL,NULL,NULL,'Xuất xứ thương hiệu','Mỹ',14),(157,NULL,NULL,NULL,NULL,'Kết nối','Bluetooth v5.1',14),(158,NULL,NULL,NULL,NULL,'Kích thước','Màng loa: Loa trầm 5.2 x 9 cm, Loa tweeter 2 cm',14),(159,NULL,NULL,NULL,NULL,'Model','JBLCHARGE5RED',14),(160,NULL,NULL,NULL,NULL,'Xuất xứ (Made in)','Trung Quốc',14),(161,NULL,NULL,NULL,NULL,'Trọng lượng sản phẩm','0.96kg',14),(162,NULL,NULL,NULL,NULL,'Tần số','60Hz - 20kHz',14),(163,NULL,NULL,NULL,NULL,'Tỷ số nén nhiễu','>80dB',14),(164,NULL,NULL,NULL,NULL,'Sản phẩm có được bảo hành không?','Có',14),(165,NULL,NULL,NULL,NULL,'Hình thức bảo hành','Điện tử',14),(166,NULL,NULL,NULL,NULL,'Thời gian bảo hành','12 tháng',14),(167,NULL,NULL,NULL,NULL,'CPU','Intel Core i7-1360P (12 Cores: 4P + 8E, P: 2.2 up to 5.0 GHz / E: 1.6 up to 3.7 GHz) 18 MB Cache',15),(168,NULL,NULL,NULL,NULL,'RAM','16GB LPDDR5 6000MHz (Dual Channel, Onboard, không nâng cấp)',15),(169,NULL,NULL,NULL,NULL,'Ổ cứng','512GB PCIe NVMe M.2 SSD (2 slot, còn trống 1 khe M.2)',15),(170,NULL,NULL,NULL,NULL,'Card đồ họa','NVIDIA GeFore RTX 3050 4GB',15),(171,NULL,NULL,NULL,NULL,'Màn hình','16 inch WQXGA (2560*1600), 16:10, IPS 60Hz (Có thể thay đổi đến 144Hz), DCI-P3 99%, LGD, 350 nits, Anti-Glare',15),(172,NULL,NULL,NULL,NULL,'Cổng giao tiếp','2x USB Type C (Thunderbolt 4, Display Port, Power Delivery), 2x USB 3.2 Gen2, 1x HDMI, 1x DC in, 1x 3.5mm Combo Audio Jack',15),(173,NULL,NULL,NULL,NULL,'Bàn phím','LED trắng',15),(174,NULL,NULL,NULL,NULL,'Audio','Dolby Atmos',15),(175,NULL,NULL,NULL,NULL,'Đọc thẻ nhớ','Micro SD',15),(176,NULL,NULL,NULL,NULL,'Chuẩn LAN','None',15),(177,NULL,NULL,NULL,NULL,'Chuẩn WIFI','Intel® Wireless-AX211 (802.11ax, 2x2, Dual Band, BT Combo)',15),(178,NULL,NULL,NULL,NULL,'Bluetooth','v5.1',15),(179,NULL,NULL,NULL,NULL,'Webcam','FHD IR Webcam (Nhận diện khuôn mặt Hello Windows)',15),(180,NULL,NULL,NULL,NULL,'Hệ điều hành','Windows 11 Home',15),(181,NULL,NULL,NULL,NULL,'Pin','90WHr',15),(182,NULL,NULL,NULL,NULL,'Trọng lượng','1299 gram',15),(183,NULL,NULL,NULL,NULL,'Màu sắc','Đen',15),(184,NULL,NULL,NULL,NULL,'Kích thước','35.51 cm x 24.23 cm x 1.68 cm',15),(185,NULL,NULL,NULL,NULL,'Thương hiệu','ANKER',16),(186,NULL,NULL,NULL,NULL,'Xuất xứ thương hiệu','Trung Quốc',16),(187,NULL,NULL,NULL,NULL,'Kết nối','USB Type-C',16),(188,NULL,NULL,NULL,NULL,'Kích thước','2.84 × 2.84 x 3.53 cm',16),(189,NULL,NULL,NULL,NULL,'Tính năng','Sạc nhanh',16),(190,NULL,NULL,NULL,NULL,'Model','A2147',16),(191,NULL,NULL,NULL,NULL,'Xuất xứ (Made in)','Trung Quốc',16),(192,NULL,NULL,NULL,NULL,'Cổng USB','USB Type-C',16),(193,NULL,NULL,NULL,NULL,'Đầu ra','Type C: 5V - 3A, 9V - 3A, 15V - 2A, 20V - 1.5A PPS: 3.3 - 11V 3A, 3.3 - 16V 2A (Max 30W)',16),(194,NULL,NULL,NULL,NULL,'Đầu vào','100-240V~50/60Hz, 1A',16),(195,NULL,NULL,NULL,NULL,'Sản phẩm có được bảo hành không?','Có',16),(196,NULL,NULL,NULL,NULL,'Có thuế VAT','Có',16),(197,NULL,NULL,NULL,NULL,'Hình thức bảo hành','Điện tử',16),(198,NULL,NULL,NULL,NULL,'Thời gian bảo hành','18 tháng',16),(199,NULL,NULL,NULL,NULL,'Thương hiệu','ANKER',17),(200,NULL,NULL,NULL,NULL,'Xuất xứ thương hiệu','Trung Quốc',17),(201,NULL,NULL,NULL,NULL,'Chất liệu','Nhựa',17),(202,NULL,NULL,NULL,NULL,'Kết nối','Lightning',17),(203,NULL,NULL,NULL,NULL,'Kích thước','Chiều dài dây: 0.9m',17),(204,NULL,NULL,NULL,NULL,'Tính năng','Sạc nhanh',17),(205,NULL,NULL,NULL,NULL,'Model','A9551 / A9548',17),(206,NULL,NULL,NULL,NULL,'Xuất xứ (Made in)','Trung Quốc',17),(207,NULL,NULL,NULL,NULL,'Sản phẩm có được bảo hành không?','Có',17),(208,NULL,NULL,NULL,NULL,'Có thuế VAT','Có',17),(209,NULL,NULL,NULL,NULL,'Hình thức bảo hành','Tem bảo hành',17),(210,NULL,NULL,NULL,NULL,'Thời gian bảo hành','24 tháng',17),(211,NULL,NULL,NULL,NULL,'Dung lượng pin','4422 mAh',18),(212,NULL,NULL,NULL,NULL,'Bluetooth','v5.3',18),(213,NULL,NULL,NULL,NULL,'Thương hiệu','Apple',18),(214,NULL,NULL,NULL,NULL,'Xuất xứ thương hiệu','Mỹ',18),(215,NULL,NULL,NULL,NULL,'Hỗ trợ thẻ nhớ ngoài','Không',18),(216,NULL,NULL,NULL,NULL,'Chip đồ họa (GPU)','Apple GPU 6 nhân',18),(217,NULL,NULL,NULL,NULL,'Chip set','Apple A17 Pro 6 nhân',18),(218,NULL,NULL,NULL,NULL,'Chức năng khác','Bảo mật nâng cao: Mở khoá khuôn mặt Face ID, Tính năng đặc biệt: Phát hiện va chạm (Crash Detection), Màn hình luôn hiển thị AOD, Âm thanh Dolby Atmos, Kháng nước, bụi: IP68, SOS Khẩn Cấp',18),(219,NULL,NULL,NULL,NULL,'Tốc độ CPU','3.78 GHz',18),(220,NULL,NULL,NULL,NULL,'Kích thước','Dài 159.9 mm - Ngang 76.7 mm - Dày 8.25 mm',18),(221,NULL,NULL,NULL,NULL,'Loại/ Công nghệ màn hình','OLED',18),(222,NULL,NULL,NULL,NULL,'Hỗ trợ 5G','Có',18),(223,NULL,NULL,NULL,NULL,'Phụ kiện đi kèm','Cáp, Sách hướng dẫn, Cây lấy sim',18),(224,NULL,NULL,NULL,NULL,'Model','iPhone 15 Pro Max',18),(225,NULL,NULL,NULL,NULL,'Jack tai nghe','Type-C',18),(226,NULL,NULL,NULL,NULL,'Loại pin','Li-Ion',18),(227,NULL,NULL,NULL,NULL,'Loại Sim','1 SIM vật lý và 1 E-SIM',18),(228,NULL,NULL,NULL,NULL,'Chất liệu','Khung Titan & Mặt lưng kính cường lực',18),(229,NULL,NULL,NULL,NULL,'Nghe nhạc','AAC, MP3, Apple Lossless, FLAC, Dolby Digital, Dolby Digital Plus và Dolby Atmos',18),(230,NULL,NULL,NULL,NULL,'Xuất xứ (Made in)','Trung Quốc',18),(231,NULL,NULL,NULL,NULL,'Cổng sạc','Type-C',18),(232,NULL,NULL,NULL,NULL,'Trọng lượng sản phẩm','221 g',18),(233,NULL,NULL,NULL,NULL,'Quay phim','Quay video 4K ở tốc độ 24 fps/ 25 fps/ 30 fps hoặc 60 fps, Chế độ Điện Ảnh hỗ trợ độ phân giải lên đến 4K HDR ở tốc độ 30 fps, Quay video ProRes lên đến 4K ở 60 fps với khả năng ghi vào ổ đĩa gắn ngoài',18),(234,NULL,NULL,NULL,NULL,'RAM','8 GB',18),(235,NULL,NULL,NULL,NULL,'Độ phân giải','Super Retina XDR (1290 x 2796 Pixels)',18),(236,NULL,NULL,NULL,NULL,'ROM','256 GB',18),(237,NULL,NULL,NULL,NULL,'Kích thước màn hình','6.7 inch',18),(238,NULL,NULL,NULL,NULL,'Wifi','Wi-Fi MIMO, 6 GHz, Wi-Fi 802.11 a/b/g/n/ac/ax',18),(239,NULL,NULL,NULL,NULL,'Xem phim','H.264(MPEG4-AVC)',18),(240,NULL,NULL,NULL,NULL,'Sản phẩm có được bảo hành không?','Có',18),(241,NULL,NULL,NULL,NULL,'Có thuế VAT','Có',18),(242,NULL,NULL,NULL,NULL,'Hình thức bảo hành','Điện tử',18),(243,NULL,NULL,NULL,NULL,'Thời gian bảo hành','12 tháng',18),(244,NULL,NULL,NULL,NULL,'Sản phẩm có được bảo hành không?','Có',19),(245,NULL,NULL,NULL,NULL,'Có thuế VAT','Có',19),(246,NULL,NULL,NULL,NULL,'Hình thức bảo hành','Điện tử',19),(247,NULL,NULL,NULL,NULL,'Thời gian bảo hành','12 tháng',19),(248,NULL,NULL,NULL,NULL,'Dung lượng pin','5000 mAh',19),(249,NULL,NULL,NULL,NULL,'Bluetooth','v5.3',19),(250,NULL,NULL,NULL,NULL,'Thương hiệu','Samsung',19),(251,NULL,NULL,NULL,NULL,'Xuất xứ thương hiệu','Hàn Quốc',19),(252,NULL,NULL,NULL,NULL,'Camera sau','12MP/200MP/50MP',19),(253,NULL,NULL,NULL,NULL,'Camera trước','12MP',19),(254,NULL,NULL,NULL,NULL,'Chip đồ họa (GPU)','Adreno 750',19),(255,NULL,NULL,NULL,NULL,'Chức năng khác','Không gian thứ hai (Thư mục bảo mật), Màn hình luôn hiển thị AOD, Âm thanh Dolby Atmos',19),(256,NULL,NULL,NULL,NULL,'Đèn Flash','Có',19),(257,NULL,NULL,NULL,NULL,'Kích thước','Dài 147 mm, Ngang 70.6 mm, Dày 7.6 mm, Nặng 167 g',19),(258,NULL,NULL,NULL,NULL,'Loại/ Công nghệ màn hình','QHD+ Dynamic AMOLED 2X',19),(259,NULL,NULL,NULL,NULL,'Hỗ trợ 5G','Có',19),(260,NULL,NULL,NULL,NULL,'Phụ kiện đi kèm','Sách hướng dẫn',19),(261,NULL,NULL,NULL,NULL,'Model','S 24 Ultra',19),(262,NULL,NULL,NULL,NULL,'Số sim','2',19),(263,NULL,NULL,NULL,NULL,'Loại pin','Li-Ion',19),(264,NULL,NULL,NULL,NULL,'Loại Sim','1 Nano SIM & 1 eSIM',19),(265,NULL,NULL,NULL,NULL,'Chất liệu','Khung Titan & Mặt lưng kính cường lực',19),(266,NULL,NULL,NULL,NULL,'Xuất xứ (Made in)','Trung Quốc',19),(267,NULL,NULL,NULL,NULL,'Cổng sạc','Type-C',19),(268,NULL,NULL,NULL,NULL,'Trọng lượng sản phẩm','232g',19),(269,NULL,NULL,NULL,NULL,'Kích thước màn hình','6.8 inch',19),(270,NULL,NULL,NULL,NULL,'Wifi','Wi-Fi MIMO, Wi-Fi Direct, Wi-Fi hotspot, Dual-band (2.4 GHz/5 GHz), Wi-Fi 802.11 a/b/g/n/ac/ax',19),(271,NULL,NULL,NULL,NULL,'Thương hiệu','NBAYOU',20),(272,NULL,NULL,NULL,NULL,'Xuất xứ thương hiệu','Việt Nam',20),(273,NULL,NULL,NULL,NULL,'Kích thước','14cm x 7cm x 2.5 cm',20),(274,NULL,NULL,NULL,NULL,'Tính năng','Sạc nhanh',20),(275,NULL,NULL,NULL,NULL,'Xuất xứ (Made in)','Việt Nam/Trung Quốc',20),(276,NULL,NULL,NULL,NULL,'Thời gian sử dụng','Sạc smartphone tiêu chuẩn lên đến 5 lần',20),(277,NULL,NULL,NULL,NULL,'Đầu ra','DC 5V-2.1A(max)',20),(278,NULL,NULL,NULL,NULL,'Sản phẩm có được bảo hành không?','Không',20),(279,NULL,NULL,NULL,NULL,'Loại card đồ họa','AMD Radeon Graphics',21),(280,NULL,NULL,NULL,NULL,'Dung lượng RAM','16GB',21),(281,NULL,NULL,NULL,NULL,'Loại RAM','LPDDR4X Onboard',21),(282,NULL,NULL,NULL,NULL,'Ổ cứng','512GB M.2 NVMe PCIe 3.0 SSD',21),(283,NULL,NULL,NULL,NULL,'Kích thước màn hình','14 inches',21),(284,NULL,NULL,NULL,NULL,'Công nghệ màn hình','Thời gian phản hồi 0.2ms, Độ sáng tối đa 400 nit HDR, Độ phủ màu 100% DCI-P3',21),(285,NULL,NULL,NULL,NULL,'Pin','75WHrs, 2S2P, 4-cell Li-ion',21),(286,NULL,NULL,NULL,NULL,'Hệ điều hành','Windows 11 Home',21),(287,NULL,NULL,NULL,NULL,'Độ phân giải màn hình','2880 x 1800 pixels',21),(288,NULL,NULL,NULL,NULL,'Cổng giao tiếp','1x USB 3.2 Gen 2 Type-A, 2x USB 3.2 Gen 2 Type-C (Hỗ trợ hiển thị / sạc), 1x HDMI 2.1 TMDS, 1x 3.5mm Combo Audio Jack, Đầu đọc thẻ Micro SD',21),(289,NULL,NULL,NULL,NULL,'Loại card đồ họa','GPU 10 lõi',22),(290,NULL,NULL,NULL,NULL,'Dung lượng RAM','8GB',22),(291,NULL,NULL,NULL,NULL,'Ổ cứng','256GB SSD',22),(292,NULL,NULL,NULL,NULL,'Kích thước màn hình','15.3 inches',22),(293,NULL,NULL,NULL,NULL,'Công nghệ màn hình','True Tone',22),(294,NULL,NULL,NULL,NULL,'Hệ điều hành','MacOS',22),(295,NULL,NULL,NULL,NULL,'Cổng giao tiếp','Cổng sạc MagSafe 3, Hai cổng Thunderbolt / USB 4',22),(296,NULL,NULL,NULL,NULL,'Loại card đồ họa','AMD Radeon™ Graphics',23),(297,NULL,NULL,NULL,NULL,'Dung lượng RAM','16GB',23),(298,NULL,NULL,NULL,NULL,'Loại RAM','DDR4-3200',23),(299,NULL,NULL,NULL,NULL,'Ổ cứng','512GB SSD M.2 2242 PCIe® 4.0x4 NVMe®',23),(300,NULL,NULL,NULL,NULL,'Kích thước màn hình','14 inches',23),(301,NULL,NULL,NULL,NULL,'Công nghệ màn hình','Kích thước 14\", Độ phân giải FHD (1920x1080), Tấm nền IPS, Độ sáng tối đa 300 nits, 100% sRGB, Chống chói, Chứng nhận TÜV Low Blue Light',23),(302,NULL,NULL,NULL,NULL,'Pin','47Wh',23),(303,NULL,NULL,NULL,NULL,'Hệ điều hành','Windows® 11 Home',23),(304,NULL,NULL,NULL,NULL,'Độ phân giải màn hình','1920 x 1080 pixels (FullHD)',23),(305,NULL,NULL,NULL,NULL,'Cổng giao tiếp','2x USB 3.2 Gen 1, 1x USB-C® 3.2 Gen 1 (hỗ trợ truyền dữ liệu, Power Delivery 3.0 và DisplayPort™ 1.2), 1x HDMI® 1.4b, 1x Jack tai nghe / micro kết hợp (3.5mm), 1x Đầu đọc thẻ SD',23),(306,NULL,NULL,NULL,NULL,'Thời lượng pin','Tai nghe: Dùng 6 giờ, Hộp sạc: Dùng 30 giờ',24),(307,NULL,NULL,NULL,NULL,'Chống nước','IP54 (trên cả hộp sạc và tai nghe)',24),(308,NULL,NULL,NULL,NULL,'Công nghệ âm thanh','Active Noise Cancellation, Chip Apple H2, Adaptive EQ',24),(309,NULL,NULL,NULL,NULL,'Micro','Có',24),(310,NULL,NULL,NULL,NULL,'Tương thích','Các thiết bị có hỗ trợ Bluetooth',24),(311,NULL,NULL,NULL,NULL,'Phương thức điều khiển','Cảm ứng chạm',24),(312,NULL,NULL,NULL,NULL,'Hãng sản xuất','Apple Chính hãng',24),(313,NULL,NULL,NULL,NULL,'Thời lượng pin','Tai nghe: 8 giờ (Bật ANC), Hộp sạc: 24 giờ',25),(314,NULL,NULL,NULL,NULL,'Chống nước','IPX4',25),(315,NULL,NULL,NULL,NULL,'Công nghệ âm thanh','Hi-Res Audio, DSEE Extreme™, Âm thanh 360',25),(316,NULL,NULL,NULL,NULL,'Micro','Có',25),(317,NULL,NULL,NULL,NULL,'Tương thích','Các thiết bị có hỗ trợ Bluetooth',25),(318,NULL,NULL,NULL,NULL,'Tính năng khác','Chức năng theo dõi đầu, Chống ồn đàm thoại',25),(319,NULL,NULL,NULL,NULL,'Kích thước driver','8.4 mm',25),(320,NULL,NULL,NULL,NULL,'Phương thức điều khiển','Chạm cảm ứng',25),(321,NULL,NULL,NULL,NULL,'Hãng sản xuất','Sony',25),(322,NULL,NULL,NULL,NULL,'Phạm vi kết nối','10 m',25),(323,NULL,NULL,NULL,NULL,'Kích thước màn hình','6.7 inches',26),(324,NULL,NULL,NULL,NULL,'Công nghệ màn hình','Super Retina XDR OLED',26),(325,NULL,NULL,NULL,NULL,'Camera sau','Camera chính: 48MP, 24 mm, ƒ/1.78, Camera góc siêu rộng: 12 MP, 13 mm, ƒ/2.2, Camera Tele 5x: 12 MP, 120 mm, ƒ/2.8',26),(326,NULL,NULL,NULL,NULL,'Camera trước','12MP, ƒ/1.9',26),(327,NULL,NULL,NULL,NULL,'Chipset','Apple A17 Pro 6 nhân',26),(328,NULL,NULL,NULL,NULL,'Dung lượng RAM','8 GB',26),(329,NULL,NULL,NULL,NULL,'Bộ nhớ trong','512 GB',26),(330,NULL,NULL,NULL,NULL,'Pin','4422 mAh',26),(331,NULL,NULL,NULL,NULL,'Thẻ SIM','2 SIM (nano‑SIM và eSIM)',26),(332,NULL,NULL,NULL,NULL,'Hệ điều hành','iOS 17',26),(333,NULL,NULL,NULL,NULL,'Độ phân giải màn hình','2796 x 1290-pixel',26),(334,NULL,NULL,NULL,NULL,'Tính năng màn hình','Tốc độ làm mới 120Hz, 460 ppi, 2000 nits, HDR, True Tone, Dải màu rộng (P3), Haptic Touch, Tỷ lệ tương phản 2.000.000:1',26),(335,NULL,NULL,NULL,NULL,'Kích thước màn hình','6.8 inches',27),(336,NULL,NULL,NULL,NULL,'Công nghệ màn hình','Dynamic AMOLED 2X',27),(337,NULL,NULL,NULL,NULL,'Camera sau','Camera chính: 200MP, Laser AF, OIS, Camera: 50MP, PDAF, OIS, zoom quang học 5x, Camera tele: 10MP, Camera góc siêu rộng: 12 MP, f/2.2, 13mm, 120˚',27),(338,NULL,NULL,NULL,NULL,'Camera trước','12 MP, f/2.2',27),(339,NULL,NULL,NULL,NULL,'Chipset','Snapdragon 8 Gen 3 For Galaxy',27),(340,NULL,NULL,NULL,NULL,'Dung lượng RAM','12 GB',27),(341,NULL,NULL,NULL,NULL,'Bộ nhớ trong','256 GB',27),(342,NULL,NULL,NULL,NULL,'Pin','5,000mAh',27),(343,NULL,NULL,NULL,NULL,'Thẻ SIM','SIM 1 + SIM 2 / SIM 1 + eSIM / 2 eSIM',27),(344,NULL,NULL,NULL,NULL,'Hệ điều hành','Android 14, One UI 6.1',27),(345,NULL,NULL,NULL,NULL,'Độ phân giải màn hình','1440 x 3120 pixels',27),(346,NULL,NULL,NULL,NULL,'Tính năng màn hình','Độ sáng cao nhất 2,600 nits, 120Hz, Corning® Gorilla® Armor®, 16 triệu màu',27),(347,NULL,NULL,NULL,NULL,'Tương thích','Bút SPEN - tích hợp sẵn lên máy',27),(348,NULL,NULL,NULL,NULL,'Công nghệ màn hình','Retina LTPO OLED, Độ sáng 1000 nits',28),(349,NULL,NULL,NULL,NULL,'Kích thước màn hình','Hãng không công bố',28),(350,NULL,NULL,NULL,NULL,'Đường kính mặt','40 mm',28),(351,NULL,NULL,NULL,NULL,'Bộ nhớ trong','32 GB',28),(352,NULL,NULL,NULL,NULL,'Kích thước cổ tay phù hợp','130-160mm',28),(353,NULL,NULL,NULL,NULL,'Tương thích','iOS',28),(354,NULL,NULL,NULL,NULL,'Nghe,gọi','Nghe gọi qua Bluetooth',28),(355,NULL,NULL,NULL,NULL,'Tiện ích sức khoẻ','Chế độ luyện tập, Theo dõi giấc ngủ, Đo nhịp tim, Đếm bước chân, Tính calo tiêu thụ, Tính quãng đường chạy, Đo mức độ stress, Phát hiện té ngã, Cảnh báo nhịp tim bất thường, Theo dõi chu kỳ',28),(356,NULL,NULL,NULL,NULL,'Thời lượng pin','Chế độ tiết kiệm pin: 18 giờ',28),(357,NULL,NULL,NULL,NULL,'Hãng sản xuất','Apple Chính hãng',28),(358,NULL,NULL,NULL,NULL,'Công nghệ màn hình','Super AMOLED',29),(359,NULL,NULL,NULL,NULL,'Kích thước màn hình','1.5 inch',29),(360,NULL,NULL,NULL,NULL,'Đường kính mặt','44mm',29),(361,NULL,NULL,NULL,NULL,'Tương thích','Android 10 trở lên và có bộ nhớ trên 1.5GB',29),(362,NULL,NULL,NULL,NULL,'Nghe,gọi','Nghe gọi qua Bluetooth',29),(363,NULL,NULL,NULL,NULL,'Tiện ích sức khoẻ','Chế độ luyện tập, Theo dõi giấc ngủ, Đo nhịp tim, Đo lượng oxy trong máu, Đếm bước chân, Tính calo tiêu thụ',29),(364,NULL,NULL,NULL,NULL,'Thời lượng pin','Lên đến 40 giờ (Tắt chế độ Always on Display), Lên đến 30 giờ (Bật chế độ Always on Display)',29),(365,NULL,NULL,NULL,NULL,'Hãng sản xuất','Samsung Chính hãng',29),(366,NULL,NULL,NULL,NULL,'Tần số quét','180 Hz',30),(367,NULL,NULL,NULL,NULL,'Thời gian phản hồi','1ms',30),(368,NULL,NULL,NULL,NULL,'Tỉ lệ màn hình','16:9',30),(369,NULL,NULL,NULL,NULL,'Cổng kết nối','DisplayPort 1.2 x 1, HDMI (v2.0) x 2, Jack tai nghe',30),(370,NULL,NULL,NULL,NULL,'Độ tương phản tĩnh','1000 : 1',30),(371,NULL,NULL,NULL,NULL,'Góc nhìn','178°/ 178°',30),(372,NULL,NULL,NULL,NULL,'Tấm nền','IPS',30),(373,NULL,NULL,NULL,NULL,'Tiện ích','Hạn chế ánh sáng xanh, Chống chói, Chế độ chơi game, Chống nháy, Chế độ tiết kiệm điện, AMD FreeSync Premium',30),(374,NULL,NULL,NULL,NULL,'Kích thước màn hình','24 inches',30),(375,NULL,NULL,NULL,NULL,'Trọng lượng','Có chân đế : 3.5 kg, Không chân đế: 2.9 kg',30),(376,NULL,NULL,NULL,NULL,'Độ phân giải màn hình','1920 x 1080',30),(377,NULL,NULL,NULL,NULL,'Thương hiệu','Apple',31),(378,NULL,NULL,NULL,NULL,'Xuất xứ thương hiệu','Mỹ',31),(379,NULL,NULL,NULL,NULL,'Camera sau','12MP',31),(380,NULL,NULL,NULL,NULL,'Camera trước','12MP',31),(381,NULL,NULL,NULL,NULL,'Chip đồ họa (GPU)','Apple GPU 4 nhân',31),(382,NULL,NULL,NULL,NULL,'Chip set','A15 Bionic',31),(383,NULL,NULL,NULL,NULL,'Tốc độ CPU','2 x 2.5 GHz Vortex + 4 x 1.6 GHz Tempest',31),(384,NULL,NULL,NULL,NULL,'Kích thước','250 x 174 x 7.5 mm',31),(385,NULL,NULL,NULL,NULL,'Loại/ Công nghệ màn hình','IPS LCD',31),(386,NULL,NULL,NULL,NULL,'Ghi âm','Có',31),(387,NULL,NULL,NULL,NULL,'GPS','GPS, A-GPS, GLONASS',31),(388,NULL,NULL,NULL,NULL,'Phụ kiện đi kèm','Sạc kèm theo máy',31),(389,NULL,NULL,NULL,NULL,'Model','ipad mini 6',31),(390,NULL,NULL,NULL,NULL,'Jack tai nghe','USB C',31),(391,NULL,NULL,NULL,NULL,'Bộ nhớ khả dụng','49GB',31),(392,NULL,NULL,NULL,NULL,'Loại pin','Li-Ion',31),(393,NULL,NULL,NULL,NULL,'Nghe nhạc','AAC, MP3, Apple Lossless, FLAC, Dolby Digital, Dolby Digital Plus, và Dolby Atmos',31),(394,NULL,NULL,NULL,NULL,'Sản phẩm có được bảo hành không?','Có',31),(395,NULL,NULL,NULL,NULL,'Có thuế VAT','Có',31),(396,NULL,NULL,NULL,NULL,'Hình thức bảo hành','Hóa đơn',31),(397,NULL,NULL,NULL,NULL,'Thời gian bảo hành','12',31),(398,NULL,NULL,NULL,NULL,'Công nghệ màn hình','AMOLED',32),(399,NULL,NULL,NULL,NULL,'Kích thước màn hình','1.2 inch',32),(400,NULL,NULL,NULL,NULL,'Đường kính mặt','43mm',32),(401,NULL,NULL,NULL,NULL,'Tương thích','Android, iOS',32),(402,NULL,NULL,NULL,NULL,'Nghe,gọi','Không',32),(403,NULL,NULL,NULL,NULL,'Thời lượng pin','Lên đến 11 ngày',32),(404,NULL,NULL,NULL,NULL,'Hãng sản xuất','Garmin',32),(405,NULL,NULL,NULL,NULL,'Công nghệ màn hình','Super AMOLED',33),(406,NULL,NULL,NULL,NULL,'Kích thước màn hình','1.5 inch',33),(407,NULL,NULL,NULL,NULL,'Đường kính mặt','44mm',33),(408,NULL,NULL,NULL,NULL,'Tương thích','Android 10 trở lên và có bộ nhớ trên 1.5GB',33),(409,NULL,NULL,NULL,NULL,'Nghe,gọi','Nghe gọi qua Bluetooth',33),(410,NULL,NULL,NULL,NULL,'Tiện ích sức khoẻ','Chế độ luyện tập, Theo dõi giấc ngủ, Đo nhịp tim, Đo lượng oxy trong máu, Đếm bước chân, Tính calo tiêu thụ, Tính quãng đường chạy, Đo mức độ stress',33),(411,NULL,NULL,NULL,NULL,'Thời lượng pin','Lên đến 40 giờ (Tắt chế độ Always on Display), Lên đến 30 giờ (Bật chế độ Always on Display)',33),(412,NULL,NULL,NULL,NULL,'Hãng sản xuất','Samsung Chính hãng',33),(413,NULL,NULL,NULL,NULL,'Kích thước màn hình','1.6 inch',34),(414,NULL,NULL,NULL,NULL,'Độ phân giải','256 x 402 Pixel',34),(415,NULL,NULL,NULL,NULL,'Tiện ích sức khoẻ','Chế độ luyện tập, Đo nhịp tim, Phát hiện té ngã',34),(416,NULL,NULL,NULL,NULL,'Tính năng khác','Cảnh báo té ngã, Nhận thông báo từ điện thoại',34),(417,NULL,NULL,NULL,NULL,'Tính năng Thông minh','Chế độ luyện tập, Điều khiển chơi nhạc, Bấm giờ, Báo thức, Điều khiển chụp ảnh',34),(418,NULL,NULL,NULL,NULL,'Thời lượng pin','Lên đến 13 ngày',34),(419,NULL,NULL,NULL,NULL,'Hãng sản xuất','Samsung Chính hãng',34),(420,NULL,NULL,NULL,NULL,'Thời lượng pin','20 giờ',35),(421,NULL,NULL,NULL,NULL,'Công suất','40 W',35),(422,NULL,NULL,NULL,NULL,'Chống nước','IP67',35),(423,NULL,NULL,NULL,NULL,'Tính năng khác','Sạc cho thiết bị khác qua cổng USB, Số loa kết nối cùng lúc: 2 loa',35),(424,NULL,NULL,NULL,NULL,'Hãng sản xuất','JBL',35),(425,NULL,NULL,NULL,NULL,'Phạm vi kết nối','10 m',35),(426,NULL,NULL,NULL,NULL,'Công nghệ màn hình','MIP',36),(427,NULL,NULL,NULL,NULL,'Kích thước màn hình','1.04 inch',36),(428,NULL,NULL,NULL,NULL,'Đường kính mặt','42 mm',36),(429,NULL,NULL,NULL,NULL,'Kích thước cổ tay phù hợp','Từ 12 - 20 cm',36),(430,NULL,NULL,NULL,NULL,'Tương thích','Điện thoại chạy Android 7.0 trở lên, iPhone chạy iOS 14 trở lên',36),(431,NULL,NULL,NULL,NULL,'Tiện ích sức khoẻ','Chế độ luyện tập, Theo dõi giấc ngủ, Đo nhịp tim, Đo lượng oxy trong máu, Đếm bước chân, Tính calo tiêu thụ, Tính quãng đường chạy, Đo mức độ stress, Tính tuổi thể chất, Đo VO2 max (Đo lượng tiêu thụ oxy tối đa)',36),(432,NULL,NULL,NULL,NULL,'Thời lượng pin','Chế độ thông minh: 20 ngày, Chế độ GPS: 20 giờ',36),(433,NULL,NULL,NULL,NULL,'Hãng sản xuất','Garmin',36),(434,NULL,NULL,NULL,NULL,'Công nghệ màn hình','Amoled',37),(435,NULL,NULL,NULL,NULL,'Kích thước màn hình','1.4 inch',37),(436,NULL,NULL,NULL,NULL,'Đường kính mặt','47.2 mm',37),(437,NULL,NULL,NULL,NULL,'Bộ nhớ trong','32 GB',37),(438,NULL,NULL,NULL,NULL,'Kích thước cổ tay phù hợp','Từ 13.5 - 20 cm',37),(439,NULL,NULL,NULL,NULL,'Tương thích','Điện thoại chạy Android 6.0 trở lên, iPhone chạy iOS 11 trở lên',37),(440,NULL,NULL,NULL,NULL,'Tiện ích sức khoẻ','Chế độ luyện tập, Theo dõi giấc ngủ, Đo nhịp tim, Đo lượng oxy trong máu, Đếm bước chân, Tính calo tiêu thụ, Tính quãng đường chạy, Đo mức độ stress, Đo VO2 max (Đo lượng tiêu thụ oxy tối đa)',37),(441,NULL,NULL,NULL,NULL,'Thời lượng pin','Chế độ thông minh: 23 ngày, Bật GPS liên tục: 31 giờ, Chế độ GNSS SatIQ (chọn tự động): Lên đến 22 giờ, Chế độ GNSS mọi hệ thống và đa băng tần: Lên đến 19 giờ, Chế độ GNSS chỉ GPS có nhạc: Lên tới 10.5 giờ, Chế độ GNSS SatIQ (chọn tự động',37),(442,NULL,NULL,NULL,NULL,'Hãng sản xuất','Garmin',37),(443,NULL,NULL,NULL,NULL,'Tần số quét','100 Hz',38),(444,NULL,NULL,NULL,NULL,'Thời gian phản hồi','4ms',38),(445,NULL,NULL,NULL,NULL,'Tỉ lệ màn hình','16:9',38),(446,NULL,NULL,NULL,NULL,'Cổng kết nối','VGA x 1, HDMI 1.4 x 1, Cổng ra âm thanh 3.5mm, DC',38),(447,NULL,NULL,NULL,NULL,'Độ tương phản động','50M : 1',38),(448,NULL,NULL,NULL,NULL,'Độ tương phản tĩnh','1000 : 1',38),(449,NULL,NULL,NULL,NULL,'Góc nhìn','178°/ 178°',38),(450,NULL,NULL,NULL,NULL,'Tấm nền','IPS',38),(451,NULL,NULL,NULL,NULL,'Tiện ích','Hạn chế ánh sáng xanh, Chống chói, Chống nháy, Chế độ tiết kiệm điện',38),(452,NULL,NULL,NULL,NULL,'Kích thước màn hình','22 inches',38),(453,NULL,NULL,NULL,NULL,'Trọng lượng','Có chân đế: 2.3kg, Không chân đế: 1.9 kg',38),(454,NULL,NULL,NULL,NULL,'Độ phân giải màn hình','1920 x 1080',38),(455,NULL,NULL,NULL,NULL,'Kích thước màn hình','14.6 inches',39),(456,NULL,NULL,NULL,NULL,'Công nghệ màn hình','Dynamic AMOLED 2X',39),(457,NULL,NULL,NULL,NULL,'Camera sau','Chính 13 MP & Phụ 8 MP',39),(458,NULL,NULL,NULL,NULL,'Camera trước','2 Camera 12 MP',39),(459,NULL,NULL,NULL,NULL,'Chipset','Snapdragon 8 Gen 2 for Galaxy',39),(460,NULL,NULL,NULL,NULL,'Dung lượng RAM','12 GB',39),(461,NULL,NULL,NULL,NULL,'Bộ nhớ trong','512 GB',39),(462,NULL,NULL,NULL,NULL,'Pin','11200 mAh',39),(463,NULL,NULL,NULL,NULL,'Thẻ SIM','2 SIM (nano‑SIM và eSIM)',39),(464,NULL,NULL,NULL,NULL,'Độ phân giải màn hình','1848 x 2960 Pixels',39),(465,NULL,NULL,NULL,NULL,'Tính năng màn hình','Tần số quét 120Hz, HDR10+',39),(466,NULL,NULL,NULL,NULL,'Tương thích','S Pen',39),(467,NULL,NULL,NULL,NULL,'Thời lượng pin','16 giờ',40),(468,NULL,NULL,NULL,NULL,'Công suất','20 W',40),(469,NULL,NULL,NULL,NULL,'Công nghệ âm thanh','Clear Audio+, DSEE',40),(470,NULL,NULL,NULL,NULL,'Chống nước','IP67',40),(471,NULL,NULL,NULL,NULL,'Tính năng khác','Sạc nhanh',40),(472,NULL,NULL,NULL,NULL,'Hãng sản xuất','Sony',40),(535,'2024-09-24 18:39:16.705675',NULL,'2024-09-24 18:39:16.705675',NULL,'Thương hiệu','Sony',6),(536,'2024-09-24 18:39:16.707611',NULL,'2024-09-24 18:39:16.707611',NULL,'Xuất xứ (Made in)','Japan / China',6),(537,'2024-09-24 18:39:16.711064',NULL,'2024-09-24 18:39:16.711064',NULL,'Cổng sạc','Type-C',6),(538,'2024-09-24 18:39:16.712043',NULL,'2024-09-24 18:39:16.712043',NULL,'Xuất xứ thương hiệu','Nhật Bản',6),(539,'2024-09-24 18:39:16.713013',NULL,'2024-09-24 18:39:16.713013',NULL,'Bluetooth','BLT 5.3',6),(540,'2024-09-24 18:39:16.713988',NULL,'2024-09-24 18:39:16.713988',NULL,'Trọng lượng sản phẩm','254g',6),(541,'2024-09-24 18:39:16.714959',NULL,'2024-09-24 18:39:16.714959',NULL,'Model','M331',6),(542,'2024-09-24 18:39:16.715936',NULL,'2024-09-24 18:39:16.715936',NULL,'Thời gian pin','Pin lên đến 8 giờ',6),(543,'2024-09-24 18:45:37.896174',NULL,'2024-09-24 18:45:37.897145',NULL,'Thương hiệu','Sony',4),(544,'2024-09-24 18:45:37.902542',NULL,'2024-09-24 18:45:37.902542',NULL,'Bluetooth','BLT 5.3',4),(545,'2024-09-24 18:45:37.906437',NULL,'2024-09-24 18:45:37.906437',NULL,'Xuất xứ (Made in)','Japan / China',4),(546,'2024-09-24 18:45:37.908382',NULL,'2024-09-24 18:45:37.908382',NULL,'Độ phân giải quang học','1000DPI',4),(547,'2024-09-24 18:45:37.911365',NULL,'2024-09-24 18:45:37.911365',NULL,'Thời gian pin','Pin lên đến 8 giờ',4),(548,'2024-09-24 18:45:37.914288',NULL,'2024-09-24 18:45:37.914288',NULL,'Xuất xứ thương hiệu','Nhật Bản',4),(557,'2024-10-11 22:59:19.186734',NULL,'2024-10-11 22:59:19.186734',NULL,'Xuất xứ thương hiệu','Nhật Bản',5),(558,'2024-10-11 22:59:19.221832',NULL,'2024-10-11 22:59:19.221832',NULL,'Model','WF-1000XM5',5),(559,'2024-10-11 22:59:19.224071',NULL,'2024-10-11 22:59:19.224071',NULL,'Xuất xứ (Made in)','Japan / China',5),(560,'2024-10-11 22:59:19.226085',NULL,'2024-10-11 22:59:19.226085',NULL,'Cổng sạc','Type-C',5),(561,'2024-10-11 22:59:19.227088',NULL,'2024-10-11 22:59:19.227088',NULL,'Thương hiệu','Sony',5),(562,'2024-10-11 22:59:19.228086',NULL,'2024-10-11 22:59:19.228086',NULL,'Trọng lượng sản phẩm','254g',5),(563,'2024-10-11 22:59:19.229086',NULL,'2024-10-11 22:59:19.229086',NULL,'Tính năng','Silent không tiếng ồn',5),(564,'2024-10-11 22:59:19.231084',NULL,'2024-10-11 22:59:19.231084',NULL,'Thời gian pin','Pin lên đến 8 giờ',5),(565,'2024-10-11 22:59:19.232335',NULL,'2024-10-11 22:59:19.232335',NULL,'Bluetooth','BLT 5.3',5);
/*!40000 ALTER TABLE `product_specifications` ENABLE KEYS */;
UNLOCK TABLES;

--
-- Table structure for table `products`
--

DROP TABLE IF EXISTS `products`;
/*!40101 SET @saved_cs_client     = @@character_set_client */;
/*!50503 SET character_set_client = utf8mb4 */;
CREATE TABLE `products` (
  `id` bigint NOT NULL AUTO_INCREMENT,
  `brand` varchar(255) COLLATE utf8mb4_unicode_ci DEFAULT NULL,
  `category_url` varchar(255) COLLATE utf8mb4_unicode_ci DEFAULT NULL,
  `description` varchar(5000) COLLATE utf8mb4_unicode_ci DEFAULT NULL,
  `discount_rate` double NOT NULL,
  `name` varchar(255) COLLATE utf8mb4_unicode_ci DEFAULT NULL,
  `price` double NOT NULL,
  `product_slug` varchar(255) COLLATE utf8mb4_unicode_ci DEFAULT NULL,
  `quantity_sold` int NOT NULL,
  `rating_average` double NOT NULL,
  `review_count` int NOT NULL,
  `thumbnail_url` varchar(255) COLLATE utf8mb4_unicode_ci DEFAULT NULL,
  `category_id` bigint DEFAULT NULL,
  PRIMARY KEY (`id`),
  KEY `FKog2rp4qthbtt2lfyhfo32lsw9` (`category_id`),
  CONSTRAINT `FKog2rp4qthbtt2lfyhfo32lsw9` FOREIGN KEY (`category_id`) REFERENCES `categories` (`id`)
) ENGINE=InnoDB AUTO_INCREMENT=48 DEFAULT CHARSET=utf8mb4 COLLATE=utf8mb4_unicode_ci;
/*!40101 SET character_set_client = @saved_cs_client */;

--
-- Dumping data for table `products`
--

LOCK TABLES `products` WRITE;
/*!40000 ALTER TABLE `products` DISABLE KEYS */;
INSERT INTO `products` VALUES (1,'Logitech','chuot-may-tinh','Hoàn thành tất cả công việc mà không bỏ lỡ một nhịp nào hoặc làm phiền những người xung quanh. Chuột yên lặng (Silent Mice) cho cảm giác nhấp chuột tương tự mà không có tiếng nhấp chuột - giảm hơn 90% tiếng ồn. Chân chuột bền bỉ, hiệu suất cao lướt êm trên bàn làm việc. Bánh xe cuộn êm ái bổ sung trọn vẹn cho trải nghiệm yên lặng. Chuột yên lặng (Silent Mice) loại bỏ tiếng ồn quá mức trong khi vẫn bảo vệ sức khỏe và hiệu suất của mọi người. Hãy biến đây thành cú nhấp chuột gây khó chịu cuối cùng của bạn. Gia đình và bạn bè sẽ cảm ơn bạn.',20,'Chuột không dây LOGITECH M331 Black Cổng USB - Hàng chính hãng',339000,'Chuột-không-dây-LOGITECH-M331-Black-Cổng-USB-Hàng-chính-hãng',251,0,0,'https://firebasestorage.googleapis.com/v0/b/lavenshop-c9862.appspot.com/o/product_images%2F1729091874330.jpeg?alt=media&token=83943ebd-4b83-4f82-9f26-b03e6ab26eed',6),(2,'Apple','dien-thoai','Điện Thoại iPhone 12\niPhone 12 đẩy nhanh mọi tác vụ với mạng 5G siêu nhanh.1 A14 Bionic, chip nhanh nhất trên điện thoại thông minh. Hệ thống camera kép mới. Với màn hình Super Retina XDR tuyệt đẹp, nay bạn có thể chiêm ngưỡng từng chi tiết hình ảnh vô cùng sống động.\n\nNội dung về tính năng\niPhone 12. Mạng 5G giúp tải xuống các bộ phim một cách nhanh chóng và xem trực tuyến video chất lượng cao.1 Màn hình Super Retina XDR 6.1 inch sáng đẹp ấn tượng.2 Ceramic Shield với khả năng chịu va đập khi rơi tốt hơn gấp 4 lần.3 Ảnh chụp tuyệt đẹp trong điều kiện ánh sáng yếu với chế độ Ban Đêm ở tất cả các camera. Quay phim, biên tập và phát video Dolby Vision đẳng cấp điện ảnh. Chip A14 Bionic mạnh mẽ. Hãy để điều thú vị bắt đầu.\n\nTính năng nổi bật\nMàn hình Super Retina XDR 6.1 inch2\nCeramic Shield, chất liệu kính bền chắc nhất từng có trên điện thoại thông minh\nMạng 5G cho tốc độ tải xuống siêu nhanh, xem video và nghe nhạc trực tuyến chất lượng cao1\nA14 Bionic, chip nhanh nhất từng có trên điện thoại thông minh\nHệ thống camera kép tiên tiến 12MP với các camera Ultra Wide và Wide; chế độ Ban Đêm, Deep Fusion,\nHDR thông minh thế hệ 3, khả năng quay video HDR Dolby Vision 4K\n\nCamera trước TrueDepth 12MP với chế độ Ban Đêm và khả năng quay video HDR Dolby Vision 4K\nKhả năng chống nước đạt chuẩn IP68 đứng đầu thị trường4\niOS 14 với các tiện ích được thiết kế lại trên Màn Hình Chính, Thư Viện Ứng Dụng hoàn toàn mới, App Clips cùng nhiều tính năng khác\nPháp lý\nCần có gói cước dữ liệu. Mạng 5G chỉ khả dụng ở một số thị trường và được cung cấp qua một số nhà mạng. Tốc độ có thể thay đổi tùy địa điểm và nhà mạng. Để biết thông tin về hỗ trợ mạng 5G, vui lòng liên hệ nhà mạng và truy cập.\n\nMàn hình có các góc bo tròn. Khi tính theo hình chữ nhật, kích thước màn hình là 6.06 inch theo đường chéo. Diện tích hiển thị thực tế nhỏ hơn.\n\nXác nhận dựa vào mặt trước có Ceramic Shield của iPhone 12 so với iPhone thế hệ trước.\n\niPhone 12 có khả năng chống tia nước, chống nước và chống bụi. Sản phẩm đã qua kiểm nghiệm trong điều kiện phòng thí nghiệm có kiểm soát đạt mức IP68 theo tiêu chuẩn IEC 60529 (chống nước ở độ sâu tối đa 6 mét trong vòng tối đa 30 phút). Khả năng chống tia nước, chống nước và chống bụi không phải là các điều kiện vĩnh viễn. Khả năng này có thể giảm do hao mòn thông thường. Không sạc pin khi iPhone đang bị ướt. Vui lòng tham khảo hướng dẫn sử dụng để biết cách lau sạch và làm khô máy. Không bảo hành sản phẩm bị hỏng do thấm chất lỏng.\n\nThông số kỹ thuật\nTruy cập để xem cấu hình đầy đủ.\n\nGiá sản phẩm trên Tiki đã bao gồm thuế theo luật hiện hành. Bên cạnh đó, tuỳ vào loại sản phẩm, hình thức và địa chỉ giao hàng mà có thể phát sinh thêm chi phí khác như phí vận chuyển, phụ phí hàng cồng kềnh, thuế nhập khẩu (đối với đơn hàng giao từ nước ngoài có giá trị trên 1 triệu đồng).....',10,'Apple iPhone 12',12750000,'Apple-iPhone-12',1278,0,0,'https://firebasestorage.googleapis.com/v0/b/lavenshop-c9862.appspot.com/o/product_images%2F1728662018978.webp?alt=media&token=277e1734-64bd-4a3b-acc5-6118b41817ad',2),(3,'Sony','tai-nghe','Tai nghe Sony WH-1000XM4 chính hãng\n\nMới đây, Sony vừa công bố thế hệ thứ 4 của dòng tai nghe chụp đầu chống ồn cao cấp: WH1000XM4. Sony WH-1000XM4 có thiết kế tương tự như người đàn anh của mình, và cũng được trang bị bộ xử lý chống ồn QN1, thứ giúp cho Sony WH-1000XM3 trở thành một trong những tai nghe không dây tốt nhất trong phân khúc chống ồn chủ động.\nSony WH-1000XM4 giúp bạn hòa mình vào âm nhạc\n\nTai nghe chống ồn WH1000XM4 với khả năng khử tiếng ồn tiên tiến nhất của Sony kết hợp chất lượng âm thanh vượt trội và hàng loạt các tính năng thông minh cho trải nghiệm âm nhạc không gì sánh bằng.\nTai nghe Sony WH-1000XM4 trang bị công nghệ khử tiếng ồn hàng đầu hiện nay\n\nTai nghe bluetooth Sony WH-1000XM4 trang bị công nghệ cảm biến tiếng ồn kép, với hai micrô trên mỗi bên tai, giúp thu được tiếng ồn xung quanh và truyền dữ liệu đến bộ xử lý khử tiếng ồn HD QN1.\nSử dụng thuật toán mới, bộ xử lý khử tiếng ồn HD QN1 sau đó áp dụng xử lý khử tiếng ồn trong thời gian thực. Hoạt động cùng với Bluetooth Audio SoC (System on Chip) mới, giúp cảm nhận và điều chỉnh tín hiệu âm nhạc và tiếng ồn, với tốc độ hơn 700 lần mỗi giây. Đem lại hiệu quả chống ồn đáng kinh ngạc.\n\nNgoài ra, tai nghe Sony WH1000XM4 cũng có thể tối ưu hóa khử tiếng ồn cá nhân, giúp phù hợp với nhiều đối tượng người dùng khác nhau. Và tối tối ưu hóa áp suất khí quyển, được thiết kế dành riêng cho du lịch hàng không.',15,'Tai Nghe Bluetooth Chụp Tai Sony WH-1000XM4 Hi-Res Noise Canceling - Hàng Chính Hãng',5590000,'Tai-Nghe-Bluetooth-Chụp-Tai-Sony-WH-1000XM4-Hi-Res-Noise-Canceling-Hàng-Chính-Hãng',125,0,0,'https://firebasestorage.googleapis.com/v0/b/lavenshop-c9862.appspot.com/o/product_images%2F1728662060896.png?alt=media&token=99edde92-d72a-450b-ab57-d4ecf56e54e4',5),(4,'Sony','tai-nghe','Tai nghe Sony WF-1000XM5 - Âm thanh vượt trội\nTai nghe không dây Sony WF-1000XM5 là sự lựa chọn hoàn hỏa giúp bạn giải tỏa áp lực, căng thẳng sau giờ làm việc hay cho bạn đắm chìm vào những bản nhạc mà mình yêu thích. Mang trong mình công nghệ chống ồn tối tân nhất thời điểm hiện tại, tai nghe nhét tai này cho ra chất lượng âm thanh chân thực một cách đáng kinh ngạc.\n\nNâng cao trải nghiệm nghe gọi với micro đàm thoại cao cấp\nTrải nghiệm cuộc gọi thoại trên WF-1000XM5 được đánh đánh giá là tốt chưa từng có trên các sản phẩm tai nghe trước đây của Sony. Cụ thể, nhờ được trang bị khả năng xử lý Hệ thần kinh sâu (DNN) kết hợp với thuật toán giảm tiếng ồn dựa trên AI, thế hệ tai nghe Sony mới này giúp người dùng có thể đàm thoại một cách rõ nét và tự nhiên ngay cả trong môi trường ồn ào. ',10,'Tai nghe Bluetooth True Wireless Sony WF-1000XM5',5590000,'Tai-nghe-Bluetooth-True-Wireless-Sony-WF-1000XM5',150,0,0,'https://cdn2.cellphones.com.vn/insecure/rs:fill:0:358/q:90/plain/https://cellphones.com.vn/media/catalog/product/t/a/tai-nghe-khong-day-sony-wf-1000xm5-6_1.png',5),(5,'Sony','tai-nghe','Sony WF-1000XM3 - Tai nghe sở hữu công nghệ không dây đích thực\nVới công nghệ không dây bluetooth và thiết kế tiện dụng vừa vặn mang lại sự thoải mái cả ngày dài, tai nghe chống ồn Sony WF-1000XM3 cho bạn sự tự do đích thực của công nghệ không dây.\nThiết kế ôm sát khôngbị trượt ra ngoài, kèm phụ kiện eartip hybrid\nTai nghe chống ồn có thiết kế tiện dụng, tiếp xúc với ba điểm khác nhau trên tai bạn, mang lại cảm giác thoải mái, chắc chắn. Bề mặt cao su với độ ma sát cao giữ cho tai nghe chống ồn vừa khít và chắc chắn trong tai bạn để chúng không bất ngờ bị trượt ra ngoài.\nSản phẩm này còn đi kèm phụ kiện eartip hybrid (4 size) và eartip triple comfort (3 size) nên người dùng có thể tìm thấy sự phù hợp hoàn hảo nhất cho mình. Tai nghe không dây này mang đến chất lượng thoại rõ hơn và bạn có thể nhận cuộc gọi với một hoặc cả hai bên tai nghe.\n\nCảm biến tiếng ồn kép, bộ xử lý chống ồn HD QN1e \nMicro kép – một micro thu âm phía trước và một ở phía sau trên bề mặt tai nghe sẽ thu âm thanh xung quanh tốt hơn, cho dù đó là tiếng ồn trên máy bay, tiếng xe cộ trong thành phố hay tiếng trò chuyện trong văn phòng.\nSony WF-1000XM3 với màng loa 6mm tăng cường âm thanh, cảm biến tiệm cận\nBộ màng loa 6 mm nhỏ nhưng mạnh mẽ nằm bên trong tai nghe, mang đến âm thanh sống động, rõ ràng, bao trùm. Cơ chế tăng cường âm thanh kỹ thuật số HX (DSEE HX™) nâng cấp các tệp nhạc nén kỹ thuật số để có chất lượng âm thanh gần đạt âm thanh độ phân giải cao.',10,'Tai nghe không dây Sony WF-1000XM3',5490000,'Tai-nghe-không-dây-Sony-WF-1000XM3',150,0,0,'https://cdn2.cellphones.com.vn/insecure/rs:fill:0:358/q:90/plain/https://cellphones.com.vn/media/catalog/product/g/r/group_187_1_.png',5),(6,'Sony','tai-nghe','Tai nghe Sony WF-1000XM4 – Xứng danh ông hoàng tai nghe\nKhi nói về tai nghe không thể không nhắc đến tai nghe của thương hiệu Sony. Cái tên Sony WF-1000XM4 đang được nhắc đến khá nhiều trên các mặt báo. Cùng tìm hiểu xem liệu chiếc tai nghe không dây này có gì đặc sắc nhé.\n\nHiệu suất chống ồn đỉnh cao, màng loa 6 mm\nTai nghe Sony WF-1000XM4 gây ấn tượng với người dùng bởi khả năng chống ồn cực kỳ hiệu quả, thứ đã làm nên thương hiệu của Sony. Tất cả là nhờ vào bộ xử lý tích hợp V1 với công nghệ cảm biến tiếng ồn kép thu tiếng ồn môi trường xung quanh. Sau đó, kết hợp với thuật toán mới của hãng thì nó sẽ cho ra khả năng chống ồn tương ứng với đa dạng môi trường.\nTích hợp công nghệ hiện đại: Edge-AI, DSEE ExtremeTM  tăng cường âm thanh\nVới trí tuệ nhân tạo mang tên Edge-AI do hãng tự phát triển đã mang đến nhiều sự tiện dụng hơn khi sử dụng tai nghe WF-1000XM4. Giờ đây bạn không cần phải dùng tay gõ vào tai nghe mà thực hiện chuyển bài hay tạm dừng, mà thay vào đó là giọng nói để ghi lệnh cho tai nghe.\nChưa dừng lại ở đó, tính năng DSEE Extreme với cơ chế tăng cường âm thanh kỹ thuật số cho phép nâng cấp những tệp bài hát nén kỹ thuật số trong thời gian thực. Qua đó, nó nhận biết các nhạc cụ hay thể loại nhạc, giúp khôi phục âm thanh dải tần cao bị mất khi nén, giúp trải nghiệm một âm thanh phong phú và trọn vẹn hơn.',0,'Tai nghe Bluetooth True Wireless Sony WF-1000XM4',6490000,'Tai-nghe-Bluetooth-True-Wireless-Sony-WF-1000XM4',550,0,0,'https://cdn2.cellphones.com.vn/insecure/rs:fill:0:358/q:90/plain/https://cellphones.com.vn/media/catalog/product/t/a/tai-nghe-khong-day-sony-wf-1000xm4_1.jpg',5),(7,'ASUS','laptop','Laptop Asus Tuf Gaming F15 FX507ZC4-HN074W - Thoải mái chiến game, lưu trữ đã đời \nLaptop Asus Tuf Gaming F15 FX507ZC4-HN074W là dòng laptop gaming có hiệu năng vượt trội, nhiều tính năng tân tiến và tuyệt vời cho game thủ. Mẫu laptop này không chỉ thực hiện tốt khả năng xử lý đồ họa mà còn có những chuyển động nhanh nhạy chuẩn xác. Hãy xem đoạn mô tả sau đây để hiểu rõ hơn về ưu điểm của dòng laptop Asus Gaming mới nhất này.\n\nChiến game thoải mái, đồ họa sống động \nLaptop Asus Tuf Gaming F15 FX507ZC4-HN074W có khả năng chiến game cực khủng nhờ con chip Intel Core i5 12500H. Bạn có thể thoải mái thực hiện các tác vụ phức tạp như chạy code, xử lý đồ họa hoặc chiến game.\nNâng cấp trải nghiệm, tối ưu lưu trữ \nAsus Tuf Gaming F15 FX507ZC4-HN074W thuộc phân khúc laptop 20 triệu được tích hợp bộ Ram DDR4 có dung lượng 8GB, có thể nâng cấp lên tối đa 32 GB. Nhờ vậy các thao tác luôn mượt mà, ấn tượng khi sử dụng thúc đẩy hiệu suất đa nhiệm lên cao nhất cho máy.',0,'Laptop ASUS TUF Gaming F15 FX507ZC4-HN074W',19490000,'Laptop-ASUS-TUF-Gaming-F15-FX507ZC4-HN074W',130,4.5,50,'https://cdn2.cellphones.com.vn/insecure/rs:fill:0:358/q:90/plain/https://cellphones.com.vn/media/catalog/product/t/e/text_ng_n_2__3_24.png',1),(8,'Lenovo','laptop','Đặc điểm nổi bật của Lenovo Ideapad 3 15IAU7 i7 1255U (82RK00W4VN)\nLenovo IdeaPad 3 15IAU7 là phương tiện học tập và làm việc hoàn hảo dành cho bạn nhờ cấu hình cực mạnh trong tầm giá phải chăng. Bộ vi xử lý Intel Core i7 thế hệ thứ 12 mạnh mẽ, dung lượng RAM lớn 16GB, màn hình 15,6 inch Full HD rõ nét giúp mọi việc của bạn thoải mái và nhanh chóng hơn bao giờ hết.\nTrải nghiệm hiệu suất tối đa\nLenovo IdeaPad 3 15IAU7 gây ấn tượng mạnh với hiệu năng vượt trội từ bộ vi xử lý Intel Core i7 1255U thế hệ thứ 12 Alder Lake. Con chip này sở hữu sức mạnh của 10 nhân 12 luồng, trong đó 2 nhân P hoạt động ở tốc độ lên tới 4.70 GHz. Điều này đảm bảo khả năng làm việc năng suất cao, thậm chí với các ứng dụng nặng, tương đương với máy tính để bàn. Không chỉ vậy, việc tích hợp GPU Intel Iris Xe cũng nâng cao hiệu suất đồ họa, phục vụ tốt các công việc liên quan đến thiết kế và đồ họa cơ bản.\nBên cạnh đó, khả năng đa nhiệm của Lenovo IdeaPad 3i Gen 7 cũng rất ấn tượng với việc có sẵn 16GB RAM và 512GB SSD, giúp máy chạy đa nhiệm một cách trơn tru và lưu trữ dữ liệu linh hoạt, đồng thời duy trì tốc độ cao trong mọi tác vụ. RAM lớn 16GB cho phép mở nhiều ứng dụng cùng lúc một cách mượt mà, trong khi ổ SSD M2 tốc độ cao, dung lượng lớn 512GB giúp máy khởi động và truy cập ứng dụng nhanh chóng, cung cấp không gian lưu trữ rộng lớn.\nLuôn đồng hành bên bạn\nBên cạnh kiểu dáng thanh lịch và màu xám bạc sang trọng, Lenovo IdeaPad 3 15IAU7 thậm chí còn dễ dàng di chuyển với trọng lượng chỉ 1.63kg và độ mỏng 19.9mm, giúp bạn có thể đem theo bên mình mọi lúc mọi nơi mà không gặp phải sự cồng kềnh khi di chuyển. Đây chắc chắn là một người bạn đồng hành lý tưởng cho những ngày mới tràn đầy năng lượng.\nTham gia cuộc gọi video rõ ràng\nLenovo IdeaPad 3i cũng mang lại trải nghiệm gọi video tuyệt vời với webcam HD 720p sắc nét, tính năng khử nhiễu, khử ồn thông minh và màn trập khóa camera khi cần thiết. Điều này rất hữu ích trong việc tham gia buổi học trực tuyến hoặc các cuộc họp qua mạng. Hình ảnh của bạn sẽ luôn xuất hiện rạng rỡ trong mắt đối tác, đồng thời cuộc đàm thoại cũng diễn ra ở chất lượng cao và  ổn định.\nMàn hình lý tưởng cho công việc và giải trí\nMàn hình viền mỏng của IdeaPad 3 Gen 7 không chỉ tạo cảm giác tập trung hơn vào nội dung mà còn cung cấp góc nhìn rộng và hình ảnh trực quan hơn. Độ phân giải Full HD và kích thước màn hình 15.6 inch cung cấp không gian làm việc mở rộng và hình ảnh sắc nét, cho phép bạn tận hưởng mọi chi tiết rõ ràng. Dù là làm việc hay giải trí, hình ảnh vẫn luôn được tái hiện ấn tượng, mang đến cảm hứng cho riêng bạn.\nSẵn sàng kết nối\nĐể đáp ứng tính di động cao, Lenovo IdeaPad 3 15IAU7 trang bị viên pin dung lượng lên tới 45Wh cho thời gian sử dụng cả ngày làm việc khi không có nguồn sạc bên cạnh. Việc kết nối với các thiết bị cũng trở nên dễ dàng với nhiều cổng kết nối phổ biến được tích hợp trên chiếc máy tính này, từ cổng USB đến cổng xuất hình HDMI và đầu đọc thẻ nhớ.\nCông nghệ AI thông minh\nTính năng trí tuệ nhân tạo AI Engine của Lenovo IdeaPad 3i Gen 7 đem lại sự tối ưu hoá cho trải nghiệm sử dụng máy tính, từ việc kết nối mạng ổn định đến hiệu ứng xóa phông chuyên nghiệp khi gọi video. Đây không chỉ là một chiếc laptop thông minh mà còn là hướng đi tiên tiến cho công nghệ trong tương lai.',0,'Laptop Lenovo Ideapad 3 15IAU7 i7 1255U/16GB/512GB/15.6\"FHD/Win 11',15290000,'Laptop-Lenovo-Ideapad-3-15IAU7-i7-1255U-16GB-512GB-15.6\"FHD-Win-11',1250,5,500,'https://cdn2.cellphones.com.vn/insecure/rs:fill:0:358/q:90/plain/https://cellphones.com.vn/media/catalog/product/t/e/text_ng_n_4__5_29.png',1),(9,'Apple','laptop','Không chỉ khơi gợi cảm hứng qua việc cách tân thiết kế, MacBook Air M2 2022 còn chứa đựng nguồn sức mạnh lớn lao với chip M2 siêu mạnh, thời lượng pin chạm  ngưỡng 18 giờ, màn hình Liquid Retina tuyệt đẹp và hệ thống camera kết hợp cùng âm thanh tân tiến.\nMỏng, nhẹ và tràn đầy cảm hứng\nNgắm nhìn MacBook Air M2 2022, bạn sẽ say đắm trước vẻ đẹp tinh xảo đến từng góc cạnh và độ mỏng đặc trưng vốn có làm nên thương hiệu MacBook Air. Mỗi thiết bị đều được Apple chế tác và hoàn thiện từ chất liệu nhôm đặc biệt nhằm đảm bảo cả độ nhẹ và sự bền bỉ. Bạn sẽ thoải mái cầm nắm để mang theo thiết bị đi bất cứ đâu. Sản phẩm mang lại bốn tùy chọn màu tuyệt đẹp gồm Xanh, Xám, Bạc và Vàng.\nChip M2 nội lực, hiệu quả, êm ái\nĐiểm đột phá về sức mạnh của MacBook Air M2 2022 đến từ chip xử lý Apple M2 với tốc độ ấn tượng hơn nhiều so với chip Apple M1, đồng thời sử dụng năng lượng hiệu quả hơn. Bạn có thể hoàn thành công việc của mình nhanh chóng hơn với sự hỗ trợ của bộ CPU 8 nhân cực độ mạnh mẽ. Tạo hình ảnh và chỉnh sửa các tác vụ đồ họa với GPU 8 lõi. So với M1, chip M2 nhanh hơn 1.4 lần và giúp MacBook Air M2 ghi nhận thời lượng pin kéo dài 18 tiếng.\n\nKhả năng vận hành hiệu quả của chip M2 cho phép MacBook Air M2 hoạt động với cường độ cao mà không cần đến sự hỗ trợ của quạt tản nhiệt, đảm bảo độ mỏng gọn và êm ái vượt trội so với các mẫu laptop khác trên thị trường.\nTối ưu năng lực vận hành với macOS\nĐộ tương thích và khả năng tối ưu phần cứng tuyệt vời của macOS giúp MacBook Air M2 2022 phản hồi nhanh chóng mọi tác vụ bạn mong muốn – bao gồm các phần mềm văn phòng Microsoft 365. Sự linh hoạt của hệ sinh thái Apple giúp bạn dễ dàng nhận cuộc gọi iPhone ngay trên máy Macbook, sử dụng iPad như một màn hình phụ và đăng nhập vào MacBook Air M2 thông qua Apple Watch một cách linh hoạt, mượt mà.',0,'MacBook Air 13 inch M2 2022 8CPU 8GPU 8GB/256GB',24990000,'MacBook-Air-13-inch-M2-2022-8CPU-8GPU-8GB-256GB',30,3,100,'https://cdn2.cellphones.com.vn/insecure/rs:fill:0:358/q:90/plain/https://cellphones.com.vn/media/catalog/product/m/a/macbook_air_m2_3_1.jpg',1),(10,'Apple','cu-sac','Sạc nhanh 20W USB-C Power Adapter là phụ kiện hoàn hảo cho iPhone, iPad có hỗ trợ sạc nhanh, đặc biệt là dòng iPhone 12 mới ra mắt. Một sản phẩm phụ kiện chính hãng từ Apple sẽ mang đến hiệu suất sạc và độ an toàn tối ưu cho iPhone, iPad của bạn.\nThiết kế thanh lịch, tương thích mọi ổ cắm\nNhư bao sản phẩm khác của Apple, củ sạc mới 20W USB-C được thiết kế rất đơn giản, thanh lịch và tinh tế. Tông màu trắng phối với màu xám nhạt tạo nên vẻ sang trọng, phù hợp với các phụ kiện khác từ Apple như cáp hay tai nghe. Ổ cắm 2 chân tròn của củ sạc nhanh 20W USB-C Power Adapter tương thích hoàn hảo với mọi ổ điện ở Việt Nam, cho phép bạn có thể sạc dễ dàng ở bất cứ đâu.\nCông suất sạc nhanh 20W, sạc nhanh vượt trội\nĐúng như tên gọi, củ sạc 20W USB-C có thể sạc nhanh cho iPhone, iPad có hỗ trợ. Bạn sẽ mất ít thời gian hơn để bổ sung năng lượng cho sản phẩm của mình. Chỉ cần tranh thủ 20-30 phút ăn trưa để sạc, iPhone của bạn đã có đủ năng lượng để thoải mái dùng thêm cả ngày.\n\nTương thích với nhiều dòng iPhone, iPad\nBạn có thể sử dụng củ sạc nhanh 20W USB-C cho những chiếc iPhone, iPad ở nhiều thế hệ. Cụ thể là iPhone từ đời iPhone 8 trở về sau và iPad từ đời iPad Gen 7 trở về sau. Đây là giải pháp ổn định và an toàn nhất, cho hiệu năng tối ưu khi sạc pin cho iPhone, iPad.\nCổng sạc USB-C tiên tiến\nUSB-C đang là tương lai của công nghiệp kết nối hiện nay, khi hầu hết các thiết bị, không chỉ riêng iPhone, iPad mà cả thế giới điện thoại, máy tính bảng, tai nghe, các loại phụ kiện khác, hay thậm chí là laptop đều chuyển sang dùng sạc USB-C. Chính vì thế củ sạc nhanh 20W USB-C Power Adapter có thể sạc được cho hầu hết các thiết bị sử dụng kết nối đầu vào là USB-C.',0,'Củ sạc Apple Power Adapter 20W Type-C',489000,'Củ-sạc-Apple-Power-Adapter-20W-Type-C',51,4.6,100,'https://cdn2.cellphones.com.vn/insecure/rs:fill:0:358/q:90/plain/https://cellphones.com.vn/media/catalog/product/g/r/group_117_1.png',9),(11,'AOC','man-hinh','Mô tả sản phẩm\nAOC 22B2HN mang lại trải nghiệm chất lượng cao đơn giản, lý tưởng cho cả người dùng văn phòng hiện đại và người dùng gia đình.\n\nThiết kế không viền liền mạch\nMàn hình AOC 22B2HN hầu như không có khung này có viền cực kỳ hẹp xung quanh một màn hình tuyệt đẹp. Khi được sử dụng như một phần của thiết lập nhiều màn hình, nó cung cấp sự chuyển đổi gần như liền mạch và thanh lịch giữa các màn hình.\n\nTrải nghiệm hình ảnh sắc nét\nMàn hình AOC có độ phân giải Full HD (1920 x 1080 @ 75Hz) cho hình ảnh sắc nét và màu sắc chân thực. Màn hình IPS mang đến góc nhìn 178/178 độ trong khi vẫn duy trì chất lượng hình ảnh và màu sắc nhất quán từ mọi vị trí xem.\n\nThời gian phản hồi cực nhanh\nVới tần số quét 75Hz, cùng công nghệ Adaptive-Sync màn hình mang lại hiệu suất cao với khả năng làm mới nhanh mượt mà và thời gian phản hồi cực nhanh.\n\nGiảm thiểu ánh sáng xanh và chống nhấp nháy\nCài đặt AOC Low Blue Mode đảm bảo trải nghiệm xem lành mạnh hơn khi sử dụng máy tính trong thời gian dài mà không ảnh hưởng đến màu sắc sống động tự nhiên của màn hình văn phòng này.\n\nCông nghệ không nhấp nháy giảm nhấp nháy để mang lại cho bạn trải nghiệm chơi game thoải mái hơn và trong lành hơn, giảm thiểu ảnh hưởng của việc mỏi mắt trong giờ làm việc.\n\nTích hợp phần mềm đa nhiệm tiện lợi\nScreen + cho phép bạn chia nhỏ, tùy chỉnh và sắp xếp bố cục của màn hình. Làm cho đa nhiệm dễ dàng hơn bằng cách thay đổi kích thước và hiển thị nhiều cửa sổ cùng một lúc.\n\nDễ dàng lắp đặt, tiện lợi\nCho dù bạn thích thiết lập giá treo tường hay để màn hình trên bàn làm việc,  mang đến sự linh hoạt tối ưu cho phép bạn đặt màn hình của mình ở bất cứ đâu bạn muốn.',10,'Màn hình AOC 22B2HN/74 (21.5inch/FHD/VA/75Hz/7ms/250nits/HDMI+VGA)',1990000,'Màn-hình-AOC-22B2HN-74-(21.5inch-FHD-VA-75Hz-7ms-250nits-HDMI+VGA)',500,4.7,150,'https://salt.tikicdn.com/cache/750x750/ts/product/2e/77/a9/80450b67296c6171c6e8c7c4dca7ceb6.png.webp',7),(12,'Logitech','chuot-may-tinh','Đột phá về thiết kế và trọng lượng\nChuột Logitech G Pro X Superlight là một trong những dòng chuột máy tính nhẹ nhất từ trước tới nay của Logitech, Logitech G Pro X Superlight là bước đột phá về kỹ thuật khi đạt được trọng lượng ít hơn 63 gram – nhẹ hơn gần 25% so với chuột PRO không dây tiêu chuẩn của Logitech.\n\nHứa hẹn đây sẽ là một trong những phụ kiện chơi game trong hệ sinh thái Logitech bên cạnh các dòng sản phẩm bàn phím cơ, tai nghe chơi game,...sẽ mang đến cho bạn những cảm xúc thăng hoa cùng các tựa game yêu thích đấy nhé!\n\nCảm biến HERO 25K độc quyền từ Logitech\nChuột Logitech G Pro X Superlight sở hữu mắt cảm biến HERO 25K độc quyền của Logitech G đem lại độ chính xác, tốc độ và độ ổn định. Với độ chính xác cao và khả năng điều khiển cực tốt điều đó sẽ hỗ trợ và mang đến cho người dùng hoàn toàn tự tin, đặc biệt là trong những thời khắc căng thẳng, kéo dài từng giây của trận đấu.\n\nMột trong những dòng chuột máy tính không dây đáng sở hữu nhất hiện nay, có chân lớn bằng nhựa tổng hợp PTFE không pha tạp mang lại cảm giác lướt êm ái, đem đến kết nối tinh thuần, mượt mà với trò chơi.\n\nBền bỉ từ carbon\nLOGITECH G PRO X SUPERLIGHT được giới chuyên môn đánh giá đây là một trong những dòng chuột không dây Logitech đáp ứng các tiêu chuẩn cao nhất về tính bền vững. Sản phẩm này được chứng nhận hoàn toàn không chứa cacbon.',21,'Chuột Logitech G Pro X Superlight',3490000,'Chuột-Logitech-G-Pro-X-Superlight',857,4.9,500,'https://salt.tikicdn.com/cache/750x750/ts/product/b6/eb/f5/68ea64953000c36be218cf0e684ab757.jpg.webp',6),(13,'FL-ESPORT','ban-phim','Thông tin sản phẩm:\n– 3 mode (Cáp/ USB 2.4Ghz/ Bluetooth)\n– Keycap FSA/Cherry\n– Hotswap\n– Led rgb\n– Pin 2000 mAh\n– Foam silicon pcb và eva đáy\n– Layout: 83 phím\n\nFL-Esports FL750 Polar Night Black 3 Mode là chiếc bàn phím cơ mới nhất của FL-Esports ra mắt thị trường Việt Nam vào tháng 7/2022. Chiếc bàn phím có kết nối 3 mode cùng nhiều tính năng và phần cứng đáng được sở hữu.',5,'Bàn phím cơ không dây FL-Esports FL750 Polar Night Black 3 Mode',2599000,'Bàn-phím-cơ-không-dây-FL-Esports-FL750-Polar-Night-Black-3-Mode',1037,5,756,'https://salt.tikicdn.com/cache/750x750/ts/product/77/b2/5c/451e325dd2c16a07e269d5514fe2bca3.png.webp',11),(14,'JBL','loa','Thiết kế mạnh mẽ, hỗ trợ kháng nước, chống bụi tiêu chuẩn IP67\nLoa JBL Charge 5 là chiếc loa bluetooth thế hệ thứ năm thuộc dòng JBL Charge. Chiếc loa này được thay đổi mạnh mẽ cả về thiết kế lẫn công nghệ âm thanh mang đến chất lượng âm thanh vượt trội dù là ngoài trời hay trong nhà. Bạn sẽ có một bữa tiệc BBQ ngoài trời, hồ bơi hay bãi biển, ngập tràn âm thanh sống động, thỏa sức chơi đùa cùng với bạn bè.\n\nĐậm chất nguyên bản JBL Original Pro Sound\nMang theo mình uy lực cuồng nộ của chất nhạc JBL Pro Sound. JBL Charge 5 được trang bị driver trầm hành trình sâu được tối ưu hoá, một driver trung cao riêng biệt và hệ thống cộng hưởng âm trầm kép JBL Bass Radiators, tất cả kiến tạo chất nhạc bùng nổ, trong trẻo, giàu âm sắc. Thoả sức tận hường dù trong phòng hay ngoài trời. Loa JBL Charge 5 có công suất 30 W, lớn hơn 1/3 so với phiên bản thế hệ thứ ba và tích hợp công nghệ Bass Radiator mang lại âm thanh trung thực và sống động hơn. Đặc biệt, âm bass rất mạnh mẽ, người dùng thoải sức tận hưởng những bản nhạc yêu thích của mình. Để tăng khả năng trải nghiệm cùng với đám đông, người dùng chỉ cần kích hoạt JBL Connect+ cho phép kết nối hơn 100 chiếc loa.\n\nTrang bị kết nối Bluetooth 4.2\nLoa bluetooth JBL Charge 5 được trang bị kết nối chuẩn Bluetooth 4.2, cho tốc độ kết nối nhanh hơn và ổn định hơn so với các sản phẩm loa thông thường khác. Bên cạnh đó, loa còn hỗ trợ kết nối Bluetooth hai thiết bị cùng lúc lần lượt phát âm thanh Stereo ấn tượng, cho khả năng kết nối linh hoạt hơn trong việc sử dụng rất nhiều. Charge 5 sử dụng củ loa mới với tên gọi “Racetrack-shaped driver” tăng tiết diện loa, giúp thể hiện âm sắc với biên độ rộng hơn. Cùng với đó là 2 loa tweeter và màng rung thụ động JBL Bass Radiators giúp tăng cường âm bass với độ sâu tốt hơn, dải cao được cải thiện sáng rõ hơn so với người tiền nhiệm.\n\nĐối với các thiết bị phát không có kết nối Bluetooth, người dùng có thể sử dụng kết nối cổng audio 3.5mm ở phía sau loa. Khi người dùng đang nghe nhạc mà có cuộc gọi đến, người dùng chỉ cần nhấn vào nút đàm thoại trực tiếp ở ngay trên thân JBL Charge 5 mà không cần mở điện thoại để thao tác. Loa JBL Charge 5 có công suất 30 W, lớn hơn 1/3 so với phiên bản thế hệ thứ ba và tích hợp công nghệ Bass Radiator mang lại âm thanh trung thực và sống động hơn. Đặc biệt, âm bass rất mạnh mẽ, người dùng thoải sức tận hưởng những bản nhạc yêu thích của mình. Để tăng khả năng trải nghiệm cùng với đám đông, người dùng chỉ cần kích hoạt JBL Connect+ cho phép kết nối hơn 100 chiếc loa.\n\nTruyền phát không dây Bluetooth\nKết nối không dây liền mạch tới 2 điện thoại hay máy tính bảng và thay phiên nhau tận hưởng chất nhạc JBL Pro Sound.\n\nThổi bùng cuộc vui cùng PartyBoost\nTính năng PartyBoost cho phép bạn kết nối đồng thời 2 loa tương thích để tạo hiệu ứng âm thanh stereo hoặc kết nối với nhiều loa tương thích JBL PartyBoost để thực sự đưa bữa tiệc lên tầm cao mới.\n\n20 giờ chơi nhạc\nCuộc vui không cần đường lui. Mang trong mình thời lượng pin oanh tạc tới 20 giờ chơi nhạc, JBL Charge 5 đưa bữa tiệc của bạn kéo trọn đêm ngày. Tiệc đang sung, đừng để chùng. Tích hợp sẵn sạc dự phòng để tiện lợi sạc cho thiết bị của bạn mà không làm lỡ nhịp cuộc vui. JBL Charge 5 còn được trang bị lõi pin Lithium-ion polymer với dung lượng cao lên đến 7.500 mAh, giúp người dùng thoải mái cùng bạn bè chơi đùa lên tới 20 tiếng và chỉ cần 5,5 tiếng sạc là đầy pin. Ngoài ra, người dùng cũng dễ dàng theo dõi dung lượng pin còn lại để kiểm soát không bị hết pin giữa chừng thông qua một đèn LED thông minh.',15,'Loa Bluetooth JBL Charge 5',3790000,'Loa-Bluetooth-JBL-Charge-5',462,4.8,254,'https://salt.tikicdn.com/cache/750x750/ts/product/08/75/3c/341cc2c3c03d260cff509df41f5d0ddb.jpg.webp',10),(15,'LG','laptop','Đánh giá chi tiết laptop LG Gram 2023 16Z90R EAH75A5\nLG Gram 2023 16Z90R EAH75A5 khơi nguồn cảm hứng làm việc với ngoại hình thiết kế siêu nhẹ siêu mỏng chuẩn laptop hiện đại năm nay. Thu hút bởi ngoại hình sang trọng cùng hiệu năng hoạt động đỉnh cao cho mọi yêu cầu học tập và làm việc hằng ngày của người dùng. Cùng Harbe tìm hiểu chi tiết về sản phẩm LG Gram 2023 này nhé!\n\nThiết kế laptop mỏng nhẹ siêu bền \nĐặc điểm đầu tiên mà bất cứ ai cũng bị mê hoặc từ LG Gram 2023 là vẻ bề ngoài của nó. Chiếc laptop với trọng lượng siêu nhẹ 1299 gram, dày khoảng 1.68cm sẵn sàng cho một ngày làm việc dài. Hiện thực hóa mong muốn di động trong tầm tay với sản phẩm laptop mỏng nhẹ LG Gram 2023.\n\nMỏng nhẹ nhưng không thể đánh giá rằng chiếc laptop 16Z90R EAH75A5 không đủ chắc chắn và bền lâu. Trải qua 7 bài kiểm tra khắt nghiệt về độ bên theo chuẩn quân đội MIL-STD-810H đã giúp LG khẳng định sản phẩm của chính họ có độ chắc chắn và bền bỉ theo thời gian khi đồng hành cùng người dùng. Nếu bạn cần một chiếc laptop di động cao cũng như sự cứng cáp khỏi những va chạm thì LG Gram 2023 16Z90R EAH75A5 sẽ là lựa chọn phù hợp mà bạn không thể bỏ qua.\n\nHình ảnh hiển thị rõ nét \nLG Gram 2023 16Z90R EAH75A5 sở hữu kích thước màn hình 16 inch với độ phân giải cao WQXGA (2560x1600). Tần số quét 60Hz cho khả năng chuyển đổi hình ảnh mượt mà trên từng chi tiết. Độ sáng 350nits và DCI-P3 99% nâng cấp hiển thị với chất lượng hình ảnh tương sáng, chân thực. Giải trí bằng những tựa game nhẹ hay xem những bộ phim yêu thích đều trọn vẹn từng giây từng phút.\n\nTỷ lệ màn hình 16:10 hoàn hảo giúp bạn quan sát toàn bộ thông tin trên màn hình LG 16Z90R EAH75A5 tốt hơn. Tiết kiệm thời gian cuộn trang khi nghiên cứu tài liệu. Tấm nền IPS trang bị khả năng chống chói Anti-Glare đảm bảo hiệu suất khi gặp phải ánh sáng mặt trời chói chang hay những nơi có cường độ ánh sáng cao.\n\nHiệu suất hoạt động cao \nLG Gram 2023 16Z90R EAH75A5 là chiếc laptop học tập và làm việc thế hệ mới. Sử dụng sức mạnh từ con chip Intel Core i7-1360P Gen 13 mới nhất. Sẵn sàng mọi thách thức từ công việc đến giải trí. Card đồ họa NVIDIA GeFore RTX 3050 4GB còn hỗ trợ chất lượng xử lý khung hình đẹp mắt trên từng trải nghiệm. \n\nTốc độ đa nhiệm trên LG Gram 2023 cũng mượt mà hơn khi đồng hành cùng là 16GB RAM LPDDR5 6000MHz. Ổ cứng 512GB SSD NVME mang đến không gian lưu trữ khổng lồ cho các dữ liệu quan trọng. Đồng thời hỗ trợ việc khởi động máy nhanh hơn những ổ HDD truyền thống.\n\nThời lượng pin cao\nSử dụng viên pin dung lượng cao 80WHr để mang đến thời gian làm việc tốt cho cả một ngày. LG Gram 2023 đảm bảo trải nghiệm sử dụng không dây tốt nhất trên những sản phẩm laptop LG Gram của họ.\n\nKết nối linh hoạt \n16Z90R EAH75A5 dù mỏng nhẹ nhưng vẫn trang bị đầy đủ các cổng kết nối phổ biến. Ngoài những cổng USB 3.2, Micro SD, hay jack tai nghe 3.5mm, HDMI thì laptop LG Gram 2023 còn trang bị thêm giao diện 2 cổng Thunderbolt 4. Kết nối nhiều hơn, tốc độ nhanh hơn cho quá trình sử dụng liền mạch.',10,'Laptop LG Gram 2023 16Z90R EAH75A5',49990000,'Laptop-LG-Gram-2023-16Z90R-EAH75A5',100,5,40,'https://product.hstatic.net/200000722513/product/lg-gram-16-2023_791f21c179bf4c76be39cc44fcc71c86_grande.png',1),(16,'ANKER','cu-sac','Nhỏ nhưng mạnh mẽ\nAdapter Sạc Anker 511 Charger Nano 3 30W 1 Cổng Type-C A2147 - Bằng cách thay silicon cho GaN, chúng tôi đã có thể lắp công suất 30W vào bộ sạc chỉ dày 1,12 inch và nhỏ hơn 70% so với bộ sạc 30W ban đầu.\n\nSạc mọi thứ\nĐược nâng cấp với công suất đầu ra 30W nên giờ đây bạn có thể sạc tai nghe, điện thoại, máy tính bảng và thậm chí cả MacBook Air của mình bằng một bộ sạc nhỏ.\n\nSạc tốc độ cao\nCung cấp khả năng sạc 30W tốc độ đầy đủ cho iPhone 13 Pro và Pro Max hoặc tăng cường năng lượng cho iPad Air (Thế hệ thứ 5) của bạn lên 50% chỉ trong 45 phút. Cũng hỗ trợ Samsung Super Fast Charging (25W).\n\nBảo vệ được nâng cấp với ActiveShield 2.0\nCông nghệ độc quyền của Anker bảo vệ thiết bị của bạn bằng cách theo dõi nhiệt độ một cách thông minh hơn 3 triệu lần mỗi ngày — thường xuyên gấp đôi so với ActiveShield 1.0.\n\nCông nghệ sạc tiên tiến PowerIQ 3.0\nCông nghệ sạc mới nhất của Anker không chỉ giúp tối ưu công suất cho thiết bị đầu ra, mà còn giúp bạn an tâm khi thiết bị của bạn được sạc đầy trong thời gian sớm nhất.\n\nKhả năng tương thích\n- iPhone 14 / 14 Mini / 14 Pro / 14 Pro Max 13 / 13 Mini / 13 Pro / 13 Pro Max / 12 / 12 mini / 12 Pro / 12 Pro Max / iPhone SE (2nd generation) / 11 / 11 Pro / 11 Pro Max / XS / XS Max / XR / X / 8 Plus / 8;\n- iPad 10.2-inch/; iPad mini 8.3-inch/; iPad Pro 12.9-inch 4th / 3rd / 2nd / 1st generation; iPad Pro 11-inch 2nd / 1st generation; iPad Pro 10.5-inch; iPad Air 4th / 3rd generation; iPad 8th / 7th generation; iPad mini 5th generation,\n- Apple Watch, AirPods\n- Galaxy Z Flip; S10+ / S10 / S10e\n- Pixel 3 / 3XL / 4 / 4XL / 5, và các thiết bị khác',18,'Adapter Sạc Anker 511 Charger Nano 3 30W 1 Cổng Type-C A2147',299000,'Adapter-Sạc-Anker-511-Charger-Nano-3-30W-1-Cổng-Type-C-A2147',376,4.1,330,'https://salt.tikicdn.com/cache/750x750/ts/product/5c/53/55/c0c8d580d49446600ed6f5eff6c7cb8a.jpg.webp',9),(17,'ANKER','cap-sac','Tốc độ sạc nhanh\nCáp Sạc Lightning Anker Powerline II A8432 có đường kính rộng và công nghệ giảm kháng nên cho tốc độ sạc nhanh nhất sẽ giúp bạn truyền dữ liệu qua lại từ máy tính qua điện thoại một cách ổn định nhất.\n\nMạnh hơn cáp thường đến 5 lần\nThế hệ đầu tiên của Anker PowerLine có độ bền gấp 5 lần cáp thông thường, tuy nhiên, Anker PowerLine II đã lên đến một bước phát trển mới. Đầu cáp chịu được uốn cong hơn 12000 lần cùng với giật, xoắn và nhiều thử nghiệm khó khăn khác.\n\nKích thước nhỏ gọn\nCáp có thiết kế nhỏ gọn, độ dài 0.9m tiện dụng cho bạn kết nối nhanh chóng với các thiết bị ở gần mà không bị vướng víu bởi độ dài của dây. Ngoài ra bạn cũng có thể dễ dàng bỏ trong balo, túi xách khi đi ra ngoài.\n\nTương thích với nhiều thiết bị\nCáp tương thích với các thiết bị Apple như iPhone / iPad / Mini 2 / iPad 4 / iPad Mini / Mini 2 / iPad 4 / iPad / iPad / iPad Mini (Thế hệ thứ 4), iPod nano (thế hệ thứ 7) và iPod touch (thế hệ thứ 5).',16,'Dây Cáp Sạc Lightning Cho iPhone Anker PowerLine II 0.9m - A8432',220000,'Dây-Cáp-Sạc-Lightning-Cho-iPhone-Anker-PowerLine-II-0.9m-A8432',1466,4.3,1000,'https://salt.tikicdn.com/cache/750x750/media/catalog/product/1/_/1.u4939.d20171025.t142224.647775.jpg.webp',8),(18,'Apple','dien-thoai','Nội dung quảng cáo\nGiờ đây với thiết kế titan nhẹ và bền chắc, cùng chip A17 Pro cho khả năng đa nhiệm khủng. Bắt trọn những khoảnh khắc đặc biệt khi đang di chuyển với hệ thống camera chuyên nghiệp linh hoạt hơn. Và một bước nhảy vọt về tốc độ truyền dữ liệu với USB-C cùng chuẩn USB 3.\n\nTính năng nổi bật\n- ĐƯỢC ĐÚC TỪ TITAN — iPhone 15 Pro Max sở hữu thiết kế titan chuẩn hàng không vũ trụ, nhẹ và bền chắc với mặt sau bằng kính nhám. Mặt trước Ceramic Shield bền chắc hơn mọi mặt kính điện thoại thông minh. Và có khả năng chống tia nước, chống nước và chống bụi.1\n- MÀN HÌNH TIÊN TIẾN — Màn hình Super Retina XDR 6,7\"2 với ProMotion tăng tốc độ làm mới lên đến 120Hz khi bạn cần đến hiệu năng đồ họa vượt trội. Dynamic Island hiển thị linh động các cảnh báo và Hoạt Động Trực Tiếp. Đồng thời, với màn hình Luôn Bật, Màn Hình Khóa của bạn luôn hiển thị, nên bạn thậm chí không cần chạm vào màn hình để cập nhật thông tin.\n- CHIP A17 PRO THAY ĐỔI CUỘC CHƠI — GPU đẳng cấp Pro đem tới đồ họa mượt mà hơn cùng ánh sáng chân thực dành cho môi trường có độ chi tiết cao. CPU nhanh hơn xử lý những khối lượng công việc phức tạp và các ứng dụng kinh doanh một cách dễ dàng. A17 Pro có khả năng tiết kiệm năng lượng ấn tượng, mang đến thời lượng pin cả ngày tuyệt vời, giúp bạn thoải mái dùng cho công việc khi đang di chuyển.3\n- HỆ THỐNG CAMERA PRO MẠNH MẼ — Sở hữu khung hình linh hoạt đáng kinh ngạc với 7 ống kính chuyên nghiệp. Chụp ảnh có độ phân giải siêu cao với nhiều màu sắc và chi tiết hơn bằng camera Chính 48MP. Và chụp ảnh cận cảnh sắc nét hơn từ khoảng cách xa hơn với camera Telephoto 5x trên iPhone 15 Pro Max.\n- NÚT TÁC VỤ CÓ THỂ TÙY CHỈNH — Nút Tác Vụ là cách nhanh chóng đến tính năng yêu thích của bạn. Chỉ cần đặt thành một tác vụ bạn muốn, chẳng hạn chế độ Im Lặng, Camera, Ghi Âm hoặc Phím Tắt và nhiều tác vụ khác. Sau đó nhấn và giữ để khởi chạy tác vụ đó.\n- KẾT NỐI PRO — Cổng kết nối USB-C mới cho phép bạn sạc máy Mac hoặc iPad bằng cùng cáp sạc với iPhone 15 Pro Max. Với USB 3, bạn sẽ thấy bước nhảy vọt về tốc độ truyền dữ liệu.4 Và bạn có thể tải xuống tập tin nhanh hơn đến 2x bằng Wi-Fi 6E.5\n- CÁC TÍNH NĂNG AN TOÀN QUAN TRỌNG — Với tính năng Phát Hiện Va Chạm, iPhone có thể phát hiện va chạm ô tô nghiêm trọng và gọi trợ giúp khi cần kíp.6\n- ĐƯỢC THIẾT KẾ ĐỂ TẠO NÊN KHÁC BIỆT — iPhone trang bị các biện pháp bảo vệ quyền riêng tư, cho bạn quyền kiểm soát dữ liệu của mình. iPhone được làm từ nhiều vật liệu tái chế hơn để giảm thiểu tác động tới môi trường. Và được tích hợp những tính năng giúp iPhone dễ sử dụng hơn cho tất cả mọi người.\n- ĐI KÈM VỚI BẢO HÀNH APPLECARE — Mỗi iPhone đều được bảo hành giới hạn trong một năm và hỗ trợ kỹ thuật miễn phí trong tối đa 90 ngày. Mua AppleCare+ để kéo dài thời hạn bảo hành.\n\nPháp lý\n- iPhone 15, iPhone 15 Plus, iPhone 15 Pro và iPhone 15 Pro Max có khả năng chống tia nước, chống nước và chống bụi. Sản phẩm đã qua kiểm nghiệm trong điều kiện phòng thí nghiệm có kiểm soát đạt mức IP68 theo tiêu chuẩn IEC 60529 (chống nước ở độ sâu tối đa 6 mét trong vòng tối đa 30 phút). Khả năng chống tia nước, chống nước và chống bụi không phải là các điều kiện vĩnh viễn. Khả năng này có thể giảm do hao mòn thông thường. Không sạc pin khi iPhone đang bị ướt. Vui lòng tham khảo hướng dẫn sử dụng để biết cách lau sạch và làm khô máy. Không bảo hành sản phẩm bị hỏng do thấm chất lỏng. \n- Màn hình có các góc bo tròn. Khi tính theo hình chữ nhật chuẩn, kích thước màn hình theo đường chéo là 6,12 inch (iPhone 15 Pro, iPhone 15) hoặc 6,69 inch (iPhone 15 Pro Max, iPhone 15 Plus). Diện tích hiển thị thực tế nhỏ hơn.\n- Thời lượng pin khác nhau tùy theo cách sử dụng và cấu hình; truy cập để biết thêm thông tin.\n- Yêu cầu cáp USB 3 với tốc độ 10Gb/s để đạt tốc độ truyền nhanh hơn đến 20x trên các phiên bản iPhone 15 Pro.\n- Wi-Fi 6E khả dụng tại các quốc gia và khu vực có hỗ trợ.\n- iPhone 15 và iPhone 15 Pro có thể phát hiện va chạm ô tô nghiêm trọng và gọi trợ giúp. Yêu cầu kết nối mạng di động hoặc Cuộc Gọi Wi-Fi.',14,'Apple iPhone 15 Pro Max',34990000,'Apple-iPhone-15-Pro-Max',100,5,89,'https://salt.tikicdn.com/cache/750x750/ts/product/0d/d1/5b/a2f8178b7207a9eed29515f0586e15bb.jpg.webp',2),(19,'Samsung','dien-thoai','Màn hình với độ sáng thích ứng lớn nhất lên đến 2600 nit\nMặt kính Corning Gorilla Armor giúp giảm phản xạ và cải thiện độ sắc nét của hình ảnh, ngay cả dưới ánh sáng mặt trời trực tiếp. Đồng thời công nghệ Vision Booster cải thiện độ tương phản và màu sắc cho khả năng hiển thị rõ nét mang lại trải nghiệm xem ấn tượng.\n\nKhung máy bền bỉ từ titan\nVới chất liệu titan cứng cáp tạo nên khung máy bền bỉ, kết hợp với khả năng chống trầy xước vượt trội của Kính Corning Gorilla Armor, cùng khả năng kháng nước và bụi đạt chuẩn IP68, Galaxy S24 Ultra sẵn sàng đồng hành cùng bạn trong mọi chuyến phiêu lưu.\n\nCảm hứng từ vẻ đẹp của các loại đá thiên nhiên\nMỗi màu sắc lại được điểm xuyết thêm vẻ mềm mại của satin, tạo nên cảm giác như một viên đá quý được đánh bóng thật tinh xảo.\n\nViết nên kỷ nguyên công nghệ mới của S Pen\nMãi mãi một huyền thoại Galaxy Note. Viết, chạm và điều hướng với độ chính xác như chính ngón tay bạn.\n\n200MP. Bắt trọn mọi chi tiết chân thực nhất\nĐộ phân giải MP cao nhất và được hỗ trợ khả năng xử lý AI, Galaxy S24 Ultra thiết lập một tiêu chuẩn mới cho chất lượng hình ảnh mỗi khi bạn chụp.\n\nLưu lại những chi tiết tuyệt đẹp cực kì sắc nét với số megapixel cao nhất trên điện thoại.\n\nProVisual chụp đêm vẫn rõ như ban ngày\nCông cụ ProVisual nâng cao nhận dạng vật thể — cải thiện tông màu, giảm nhiễu và làm nổi bật chi tiết đáng kinh ngạc.\n\nKích thước điểm ảnh lớn hơn 1.6 lần và biên độ dao động OIS lớn hơn cho chất lượng hình ảnh và video sáng rõ hơn đến 60% và ổn định hơn đến 40%.\n\nChụp chân dung đêm ấn tượng ấn tượng hơn nữa với AI đo chiều sâu các lớp ảnh và xử lý tín hiệu chuyên dụng Night Solution, biến những bức ảnh thành “kiệt tác” nghệ thuật.\n\nPhóng to cực nét, ngay cả ban đêm\nVới pixel lớn hơn 1,6 lần và Tele OIS rộng hơn, giúp ghi lại hình ảnh và video sáng hơn cũng như ổn định hơn. Ngay cả những đối tượng ở xa cũng trở nên ấn tượng rõ ràng bất chấp tiền cảnh và điều kiện sáng, từ bình minh đến hoàng hôn.\n\nChỉ cần khoanh vùng là tìm được thông tin\nCách thức mới để tìm kiếm là ở đây với khoanh tròn để tìm kiếm. Trong lúc lướt mạng xã hội yêu thích của bạn, hãy sử dụng bút S Pen hoặc ngón tay của bạn để khoanh tròn một thứ gì đó và nhận kết quả Google Search.\n\nĐang lướt mạng bỗng bắt gặp hình ảnh một loài cây đẹp mà bạn chưa thấy bao giờ? Chỉ việc khoang vùng và ta-da, bạn sẽ nhận được kết quả từ Google Search ngay lập tức. Từ giờ trở đi, bạn có thể tra cứu thông tin thật dễ dàng mà chẳng cần rời khỏi trang đang xem.\n\nLive Translate. Giao tiếp dễ dàng\nNhờ Phiên dịch Trực tiếp, giờ đây bạn có thể nhận thông dịch theo thời gian thực khi đang nói chuyện điện thoại.\n\nPhá vỡ các rào cản ngôn ngữ như chưa từng có - ngay cả khi nhắn tin.\n\nLời đáp của bạn cũng sẽ được tự động dịch lại theo ngôn ngữ của người tiếp nhận.\n\nTrò chuyện đa sắc thái với Trợ lý Chat thông minh\nNhắn tin cực mượt với sự hỗ trợ của AI Trợ lý Chat thông minh.\n\nBạn muốn nói chuyện như thế nào: kiểu chuyên gia, kiểu bạn bè thân thiết, hay là xã giao khách sáo? Trợ lý Chat thông minh sẽ đáp ứng cho bạn hết. Dễ dàng chuyển giọng điệu từ \"Cái này phải nói thế nào đây?\" đến \"Ơ sao mình không nghĩ ra nhỉ?\" chỉ trong chớp mắt.\n\nTính năng AI nổi bật\nChỉ cần khoanh vùng là tìm được thông tin, cho phép phiên dịch trực tiếp cuộc gọi, tóm tắt nhanh gọn và sắp xếp thông tin mọi ghi chú, và dễ dàng chỉnh sửa ảnh chuyên nghiệp - tất cả tính năng vượt bậc này đều được hỗ trợ bởi AI trên Galaxy S24 Ultra.\n\nTrải nghiệm chiến game siêu thực\nTốc độ xử lý vượt bậc cân mọi tựa game yêu thích. Với buồng hơi Vapor Chamber lớn gấp đôi, Galaxy S24 Ultra đem đến trải nghiệm đồ họa mượt vượt mong đợi.',24,'Điện thoại AI Samsung Galaxy S24 Ultra, Camera 200MP Zoom 100x, S Pen',32990000,'Điện-thoại-AI-Samsung-Galaxy-S24-Ultra-Camera-200MP-Zoom-100x-S-Pen',20,5,14,'https://salt.tikicdn.com/cache/750x750/ts/product/ca/e3/2b/68f2b0cd84cca8b2f7e4f57124076b15.jpg.webp',2),(20,'NBAYOU','cu-sac','Thông Tin Sản Phẩm\n- Tên sản phẩm : Sạc Dựng Phòng Trong Suốt 20000mAh\n- Kích thước sản phẩm : 14 x 7 x 2.5 cm\n- Dung lượng pin: 20000mAh\n- Màn hình đèn led trong suốt với 3 chế độ sáng siêu đẹp\n- Màn hình led hiển thị dung lượng pin còn lại\n- Input: DC 5V- 2.0A(max)\n- Output: DC 5V-2.1A(max)\n- Màu sắc: Đen, Vàng, Trắng\n- Với thiết kế mới trong suốt cực đẹp và phong cách đem đến trải nghiệm mới lạ cho khách hàng\n\nHướng Dẫn Sử Dụng\n- Dung lượng lên tới 20,000mAh cho khả năng sạc smartphone tiêu chuẩn lên đến 5 lần theo công bố của nhà sản xuất.\n- Trang bị 3 cổng outputs gồm 2 cổng USB-A và 1 USB-C giúp sạc 2 thiết bị cùng một lúc nhanh chóng, tiện dụng.\n- Tích hợp sạc nhanh 2 chiều Input & Output với cổng USB-C Power Delivery giúp sạc nhanh cho các thiết bị di động từ 0% đến 50% trong vòng 30 phút.\n- Sạc nhanh đa nền tảng (Multi protocol Fast Charging) - hỗ trợ tất cả các chuẩn sạc nhanh cho/dành cho các thiết bị di động,…\n- Được trang bị chỉ báo LCD hiển thị mức pin và tình trạng sạc pin »Tích hợp công nghệ Auto voltage sensing - tự động cảm biến điện áp giúp tương thích với mọi thiết bị di động.',12,'Sạc Dự Phòng 20000mAh Trong Suốt Sạc Siêu Nhanh, Màn Hình Led Thiết Kế Mới, 2 Cổng USB Sạc Nhanh, 1 Cổng Sạc Nhanh TypeC',275000,'Sạc-Dự-Phòng-20000mAh-Trong-Suốt-Sạc-Siêu-Nhanh-Màn-Hình-Led-Thiết-Kế-Mới-2-Cổng-USB-Sạc-Nhanh-1-Cổng-Sạc-Nhanh-TypeC',892,4.7,578,'https://salt.tikicdn.com/cache/750x750/ts/product/28/8e/39/9738044df7232de33673259d6e69cee4.jpg.webp',9),(21,'Asus','laptop','Laptop Asus Zenbook 14 OLED UM3402YA-KM405W sở hữu sức mạnh đỉnh cao với vi xử lý AMD Ryzen 5 - 7530 2.0 GHz, RAM 16GB LPDDR4X ổn định trong mọi tác vụ. Với ổ SSD 512GB M.2 NVMe™ PCIe® 3.0, Zenbook 14 đảm bảo dung lượng lớn để lưu trữ dữ liệu. Màn hình laptop Asus Zenbook 14\" NanoEdge OLED 2.8K của máy mang lại trải nghiệm hiển thị tuyệt vời với khả năng lọc ánh sáng xanh đến 70%.',10,'Laptop ASUS Zenbook 14 OLED UM3402YA-KM405W',20490000,'Laptop-ASUS-Zenbook-14-OLED-UM3402YA-KM405W',100,4,100,'https://cdn2.cellphones.com.vn/x/media/catalog/product/t/e/text_ng_n_17__4_9.png',1),(22,'Apple','laptop','Macbook Air M3 15 inch 2024 đem lại trải nghiệm đột phá nhờ được trang bị CPU Apple M3 8 lõi và GPU 10 lõi thế hệ mới, kết hợp cùng RAM 8GB và 256GB SSD. Về khả năng hiển thị, Macbook Air M3 2024 cũng được đánh giá cao với màn hình 15.3 inch sử dụng công nghệ True Tone, cùng camera FaceTime HD 1080p và hệ điều hành MacOS siêu mượt mà. Đặc biệt hơn, Mac Air M3 15 inch 2024 còn ghi điểm với Wi-Fi 6E và công nghệ âm thanh Dolby Atmos, giúp cải thiện đáng kể trải nghiệm kết nối và giải trí.',15,'Macbook Air M3 15 inch 2024 8GB - 256GB | Chính hãng Apple Việt Nam',32990000,'Macbook-Air-M3-15-inch-2024-8GB-256GB',50,5,25,'https://cdn2.cellphones.com.vn/insecure/rs:fill:358:358/q:90/plain/https://cellphones.com.vn/media/catalog/product/m/a/macbook_air_m3_16gb.png',1),(23,'Lenovo','laptop','Lenovo Ideapad Slim 5 Light 14ABR8-82XS002JVN là một laptop văn phòng đáng chú ý với trọng lượng nhẹ 1.17 kg và độ mỏng chỉ 324.1 x 215.7 x 17.1 mm. Laptop này được trang bị bộ vi xử lý AMD Ryzen 7 7730U và RAM 16GB, giúp khả năng xử lý nhanh chóng và hiệu quả cho công việc văn phòng và học tập. Điểm mạnh của laptop Lenovo Ideapad này là dung lượng lưu trữ ổ cứng SSD 512GB, giúp người dùng lưu trữ dữ liệu công việc một cách thuận tiện.',20,'Laptop Lenovo Ideapad Slim 5 Light 14ABR8 82XS002JVN',15990000,'Laptop-Lenovo-Ideapad-Slim-5-Light-14ABR8-82XS002JVN',250,3,150,'https://cdn2.cellphones.com.vn/insecure/rs:fill:358:358/q:90/plain/https://cellphones.com.vn/media/catalog/product/l/a/laptop-lenovo-ideapad-slim-5-light-14abr8-82xs002jvn.jpg',1),(24,'Apple','tai-nghe','Airpods Pro 2 Type-C với công nghệ khử tiếng ồn chủ động mang lại khả năng khử ồn lên gấp 2 lần mang lại trải nghiệm nghe - gọi và trải nghiệm âm nhạc ấn tượng. Cùng với đó, điện thoại còn được trang bị công nghệ âm thanh không gian giúp trải nghiệm âm nhạc thêm phần sống động. Airpods Pro 2 Type-C với cổng sạc Type C tiện lợi cùng viên pin mang lại thời gian trải nghiệm lên đến 6 giờ tiện lợi.',30,'Tai nghe Bluetooth Apple AirPods Pro 2 2023 USB-C | Chính hãng Apple Việt Nam',5690000,'Tai-nghe-Bluetooth-Apple-AirPods-Pro-2-2023-USB-C',100,3.5,50,'https://cdn2.cellphones.com.vn/insecure/rs:fill:0:358/q:90/plain/https://cellphones.com.vn/media/catalog/product/a/p/apple-airpods-pro-2-usb-c_8_.png',5),(25,'Sony','tai-nghe','Tai nghe không dây Sony WF-1000XM5 là sự lựa chọn hoàn hỏa giúp bạn giải tỏa áp lực, căng thẳng sau giờ làm việc hay cho bạn đắm chìm vào những bản nhạc mà mình yêu thích. Mang trong mình công nghệ chống ồn tối tân nhất thời điểm hiện tại, tai nghe nhét tai này cho ra chất lượng âm thanh chân thực một cách đáng kinh ngạc.',15,'Tai nghe Bluetooth True Wireless Sony WF-1000XM5',5590000,'Tai-nghe-Bluetooth-True-Wireless-Sony-WF-1000XM5',250,4.5,200,'https://cdn2.cellphones.com.vn/insecure/rs:fill:0:358/q:90/plain/https://cellphones.com.vn/media/catalog/product/t/a/tai-nghe-khong-day-sony-wf-1000xm5-6_1.png',5),(26,'Apple','dien-thoai','iPhone 15 Pro Max 512GB là ấn phẩm smartphone mới của Apple, nổi bật với bộ nhớ trong lên đến 512GB, cung cấp khả năng ghi nhớ, lưu trữ không giới hạn. Bên cạnh đó, thế hệ iPhone mới này cũng đặc biệt mang tới những trải nghiệm siêu mượt mà trong mọi tác vụ nhờ được kế thừa sức mạnh xử lý từ con chip A17 Pro. Chưa hết, máy còn đi kèm với cụm ba camera sau 48MP hỗ trợ chụp đêm và quay phim chuyên nghiệp, giúp nâng tầm khả năng nhiếp ảnh của người dùng.',0,'iPhone 15 Pro Max 512GB | Chính hãng VN/A',37490000,'iPhone-15-Pro-Max-512GB',100,4.5,200,'https://cdn2.cellphones.com.vn/insecure/rs:fill:0:358/q:90/plain/https://cellphones.com.vn/media/catalog/product/i/p/iphone-15-pro-max_5.png',2),(27,'Samsung','dien-thoai','Samsung S24 Ultra là siêu phẩm smartphone đỉnh cao mở đầu năm 2024 đến từ nhà Samsung với chip Snapdragon 8 Gen 3 For Galaxy mạnh mẽ, công nghệ tương lai Galaxy AI cùng khung viền Titan đẳng cấp hứa hẹn sẽ mang tới nhiều sự thay đổi lớn về mặt thiết kế và cấu hình. SS Galaxy S24 bản Ultra sở hữu màn hình 6.8 inch Dynamic AMOLED 2X tần số quét 120Hz. Máy cũng sở hữu camera chính 200MP, camera zoom quang học 50MP, camera tele 10MP và camera góc siêu rộng 12MP.',20,'Samsung Galaxy S24 Ultra 12GB 256GB',26390000,'Samsung-Galaxy-S24-Ultra-12GB-256GB',175,4,170,'https://cdn2.cellphones.com.vn/insecure/rs:fill:0:358/q:90/plain/https://cellphones.com.vn/media/catalog/product/s/a/samsung-galaxy-s24-ultra_9_.png',2),(28,'Apple','dong-ho-thong-minh','Apple Watch SE 2023 40mm (GPS) với trang bị màn hình Retina cho hiển thị vô cùng sắc nét cùng kính cường lực vô cùng chắc chắn, sang trọng và cực kỳ đẹp mắt. Kích thước đồng hồ là 44mm nhỏ gọn cùng dây đeo cao su êm ái. Sản phẩm Apple Watch SE 2023 được tích hợp chip S8 SiP mạnh mẽ, thời gian sử dụng lên đến 18 giờ.',25,'Apple Watch SE 2 2023 40mm (GPS) viền nhôm | Chính hãng Apple Việt Nam',5890000,'Apple-Watch-SE-2-2023-40mm',50,5,125,'https://cdn2.cellphones.com.vn/insecure/rs:fill:0:358/q:90/plain/https://cellphones.com.vn/media/catalog/product/2/a/2apple-watch-se-2023-40mm-vien-nhom-day-silicone-xanh-den-2.jpg',4),(29,'Samsung','dong-ho-thong-minh','Samsung watch 6 44mm chính là sự quan tâm hàng đầu của những người dùng yêu thích các dòng sản phẩm đồng hồ thông minh hiện nay. Thế hệ thứ 6 đã kế thừa và cải tiến rất tốt phong cách thiết kế sang trọng cùng những tính năng cao cấp từ các thế hệ trước. Chính vì vậy mà đồng hồ lần này rất được kỳ vọng sẽ tiếp tục trở thành một siêu phẩm làm nức lòng người dùng.',15,'Đồng hồ Samsung Galaxy Watch6 44mm',4390000,'Đồng-hồ-Samsung-Galaxy-Watch6-44mm',75,4.5,25,'https://cdn2.cellphones.com.vn/insecure/rs:fill:0:358/q:90/plain/https://cellphones.com.vn/media/catalog/product/s/m/sm-r930_001_front_graphite_2.png',4),(30,'Asus','man-hinh','Màn hình Gaming ASUS TUF 24 VG249Q3A 24 inch sở hữu kích thước lớn trên tấm nền Fast IPS mới với tần số quét lên đến 180Hz. Hơn hết màn hình Asus này còn có gam màu cực chuẩn 99% sRGB, nên không chỉ ưu việt cho chơi game mà còn xử lý công việc đồ họa mượt mà.',10,'Màn hình Gaming ASUS TUF VG249Q3A 24 inch',3490000,'Màn-hình-Gaming-ASUS-TUF-VG249Q3A-24-inch',15,4.5,50,'https://cdn2.cellphones.com.vn/insecure/rs:fill:0:358/q:90/plain/https://cellphones.com.vn/media/catalog/product/m/a/man-hinh-gaming-asus-tuf-vg249q3a-24-inch_6_.png',7),(31,'Apple','may-tinh-bang','iPad mini. Thiết kế màn hình toàn phần với màn hình Liquid Retina 8.3 inch.1 Chip A15 Bionic mạnh mẽ với Neural Engine. Camera trước Ultra Wide 12MP với tính năng Trung Tâm Màn Hình. Cổng kết nối USB-C. 5G siêu nhanh.2 Ghi chú, đánh dấu tài liệu hoặc nắm bắt ngay khi những ý tưởng lớn xuất hiện trong đầu với Apple Pencil (thế hệ thứ 2). Bút gắn kết bằng nam châm và sạc không dây.3\n\nTính năng nổi bật\nMàn hình Liquid Retina 8.3 inch tuyệt đẹp với True Tone và dải màu rộng1\nChip A15 Bionic với Neural Engine\nXác thực bảo mật với Touch ID\nCamera sau Wide 12MP, camera trước Ultra Wide 12MP với tính năng Trung Tâm Màn Hình\nHiện có màu Tím, Ánh Sao, Hồng và Xám Bạc\nLoa stereo ở cạnh trên và cạnh dưới\nMạng 5G cho tốc độ tải xuống, xem video và nghe nhạc trực tuyến nhanh như chớp2\nLuôn kết nối với Wi-Fi 6 siêu nhanh\nThời lượng pin lên tới 10 giờ4\nCổng kết nối USB-C để sạc và kết nối phụ kiện\nTương thích với Apple Pencil (thế hệ thứ 2)3\niPadOS 15 sở hữu sức mạnh độc đáo, dễ sử dụng và được thiết kế cho tính đa năng của iPad.',0,'Apple iPad mini (6th Gen) Wi-Fi, 2021',11490000,'Apple-iPad-mini-(6th-Gen)-Wi-Fi-2021',402,4.7,170,'https://salt.tikicdn.com/cache/750x750/ts/product/49/75/99/2219ae33da6fb87ec3231dae0e752b3a.jpg.webp',3),(32,'Garmin','dong-ho-thong-minh','Đồng hồ Garmin Forerunner 165 là dòng sản phẩm được tối ưu để hỗ trợ việc luyện tập chuyên sâu và các vận động viên chuyên nghiệp. Với màn hình lớn, độ sáng cao cùng 5 phím bấm vật lý, người dùng sẽ luôn có được khả năng điều khiển chính xác, tiện lợi. Mẫu Garmin Forerunner chạy bộ của Garmin còn sở hữu thời lượng hoạt động lên tới 11 ngày để sử dụng thoải mái trong nhiều ngày mà không lo hết pin.\n\nVì sao nên mua đồng hồ thông minh Garmin Forerunner 165?\nLà phiên bản mới được ra mắt, đồng hồ Forerunner 165 có những điểm gì nổi bật để xứng đáng trở thành trợ thủ đắc lực cho bộ môn chạy bộ chuyên nghiệp?\n\n- Thiết kế truyền thống kèm màn hình lớn: Garmin 165 sở hữu mặt đồng hồ tròn có độ sáng cao, kích thước lớn tới 1,2 inch. Đi kèm là 5 phím bấm vật lý để đảm bảo việc điều khiển luôn diễn ra chính xác, tiện lợi\n\n- Tối ưu cho việc luyện tập: Các cảm biến và chương trình luyện tập trên Garmin Forerunner 165 được thiết kế dành riêng cho người chạy bộ và vận động viên\n\n- Dung lượng pin lớn: Đồng hồ thông minh mới  sở hữu viên pin có dung lượng lớn, đủ để thiết bị có thể hoạt động liên tục tới 11 ngày\n\n- Tích hợp nhiều tính năng tiện lợi: Đồng hồ còn được tích hợp sẵn nhiều tính năng tiện lợi như livetrack, phát cảnh báo khẩn cấp, thông báo thông minh, thanh toán không tiếp xúc qua Garmin Pay,...\nGarmin Forerunner 165 - Trợ thủ đắc lực cho môn chạy bộ chuyên nghiệp\nĐồng hồ thông minh Garmin Forerunner 165 được tối ưu để dành riêng cho nhóm đối tượng người dùng yêu thích chạy bộ và các vận động viên chuyên nghiệp. Sản phẩm được trang bị một trong những mặt đồng hồ có độ sáng cao nhất hiện nay để luôn đảm bảo được khả năng hiển thị rõ nét. Đồng thời, đồng hồ còn sở hữu thời lượng hoạt động ấn tượng để người dùng giảm bớt phiền toái do phải sạc pin liên tục.\n\nThiết kế mặt tròn với với màn hình AMOLED kích thước lớn, sắc nét\nĐồng hồ Forerunner 165 được thiết kế với mặt đồng hồ tròn truyền thống. Với thiết kế này, đồng hồ sẽ phù hợp để sử dụng với mọi độ tuổi và giới tính. Xung quanh viền bezel, Garmin còn trang bị tới 5 phím bấm vật lý để hỗ trợ người dùng điều khiển chính xác hơn trong quá trình luyện tập.\nĐiểm nhấn trong thiết kế của Garmin 165 chính là màn hình AMOLED có kích thước 1,2 inch giúp mang tới không gian hiển thị thoải mái cho người dùng. Màn hình của phiên bản đồng hồ Forerunner 165 còn có độ sáng cao để có thể dễ dàng sử dụng ở môi trường ngoài nắng. Đi kèm là khả năng kháng nước chuẩn 5ATM để phù hợp với các buổi tập cường độ cao khiến người dùng đổ nhiều mồ hôi.\n\nThời lượng hoạt động bền bỉ tới 11 ngày\nĐồng hồ Garmin Forerunner 165 sở hữu cho mình một viên pin có dung lượng lớn để có thể hoạt động liên tục tới 11 ngày. Còn với chế độ tiết kiệm pin, đồng hồ 165 của Garmin có thể hoạt động tối đa lên đến 20 ngày chỉ với duy nhất một lần sạc. Điều này giúp cho người dùng có thể sử dụng đồng hồ cho việc luyện tập một cách thoải mái trong thời gian dài.\nNgay cả với các hoạt động thể thao yêu cầu thu thập dữ liệu thông qua GPS hay các hệ thống định vị khác, đồng hồ Garmin Forerunner 165 vẫn có thể hoạt động trong khoảng thời gian từ 17 giờ đến 19 giờ. Thời gian này đủ để người dùng có thể sử dụng mẫu đồng hồ thông minh mới của Garmin cho các hoạt động thể thao ngoài trời như đi trekking, chạy đường trường, đi dã ngoại.',0,'Đồng hồ thông minh Garmin Forerunner 165',6690000,'Đồng-hồ-thông-minh-Garmin-Forerunner-165',100,4.5,40,'https://cdn2.cellphones.com.vn/insecure/rs:fill:0:358/q:90/plain/https://cellphones.com.vn/media/catalog/product/t/e/text_ng_n_-_2024-03-07t223511.209.png',4),(33,'Samsung','dong-ho-thong-minh','Samsung watch 6 44mm chính là sự quan tâm hàng đầu của những người dùng yêu thích các dòng sản phẩm đồng hồ thông minh hiện nay. Thế hệ thứ 6 đã kế thừa và cải tiến rất tốt phong cách thiết kế sang trọng cùng những tính năng cao cấp từ các thế hệ trước. Chính vì vậy mà đồng hồ lần này rất được kỳ vọng sẽ tiếp tục trở thành một siêu phẩm làm nức lòng người dùng.\n\nThiết kế đẹp mắt, sang trọng tạo nên sự nổi bật\nSamsung Galaxy watch 6 44mm vẫn duy trì được cho mình một thiết kế với vẻ ngoài đầy đẳng cấp và thu hút tương tự như những thế hệ trước. Mặt đồng hồ Samsung được làm từ tinh thể Sapphire mang tính thẩm mỹ, thanh lịch cao. Đặc biệt ở phiên bản cổ điển của dòng siêu phẩm này còn trang bị khung viền nhôm Armor Aluminum nâng cao khả năng chống va đập hiệu quả.\nChipset mạnh mẽ, bộ nhớ ổn định\nVới những hứa hẹn cho một phiên bản kế thừa và cải tiến đầy hoàn hảo. Sản phẩm Samsung Galaxy watch 6 lần này sẽ được mang một bộ khung kỹ thuật mà thông số của nó khiến nhiều chiếc đồng hồ thông minh khác phải ao ước.\nĐầu tiên phải kể đến chính là con chipset mang tên Exynos W930 SoC sở hữu sức mạnh lớn gấp nhiều lần so với W920 trên các dòng cũ trước đó. Và đi kèm còn có là 2 GB Ram và 16 GB bộ nhớ lưu trữ trong để tối ưu hóa hiệu quả cho trải nghiệm của người sử dụng.\n\nKhả năng kết nối và làm việc đầy hiệu quả\nGalaxy watch 6 44mm đen sẽ được hỗ trợ kết nối với nhiều hình thức hơn để giúp tăng sự tiện dụng cho người dùng khi sử dụng. Một số phương thức quen thuộc như  Wifi, Bluetooth, LTE sẽ được bạn dễ dàng tìm thấy trên con siêu phẩm này.\nNgoài ra các tính năng từ cơ bản đến cao cấp để giúp bạn duy trì và nâng cao sức khỏe vận động của mình dựa trên việc theo dõi các thông số đo được trên chiếc đồng hồ này cũng sẽ được hỗ trợ kèm theo. Các chỉ tiêu SPO2, nhịp tim, huyết áp, phân tích thành phần cơ thể, thời lượng ngủ,… đều tích hợp đầy đủ và chính xác nhất.',0,'Đồng hồ Samsung Galaxy Watch6 44mm',4340000,'Đồng-hồ-Samsung-Galaxy-Watch6-44mm',200,4.2,70,'https://cdn2.cellphones.com.vn/insecure/rs:fill:0:358/q:90/plain/https://cellphones.com.vn/media/catalog/product/s/m/sm-r930_001_front_graphite_2.png',4),(34,'Samsung','dong-ho-thong-minh','Đồng hồ Samsung Galaxy Fit 3 thiết kế thanh mảnh, gọn gàng, màn hình AMOLED 1.6 inch, trọng lượng chỉ 36.8g, kháng nước 5ATM và bụi IP68 cùng viên pin 208mAh kéo dài dến 13 ngày ấn tượng tích hợp sạc không dây.\n\nVì sao nên mua đồng hồ Samsung Galaxy Fit 3?\nĐồng hồ thông minh đang ngày càng được ưa chuộng và có nhiều lý do mà bạn nên sở hữu một chiếc đồng hồ Galaxy Fit 3, cụ thể:\n\n- Thiết kế trẻ trung, nhỏ gọn tựa một chiếc vòng đeo tay cùng chất liệu cao cấp và có chuẩn kháng nước 5ATM, chống bụi IP68;\n\n- Đồng hồ Samsung Fit 3 được trang bị viên pin nâng cấp với thời lượng lên đến 13 ngày;\n\n- Đồng hồ còn được trang bị các cảm biến tiên tiến với khả năng đo chỉ số chuẩn xác, theo dõi nhịp tim 24/7, theo dõi giấc ngủ, cảm biến SpO2,….;\n\n- Hỗ trợ hơn 100 chế độ luyện tập, giúp người dùng nâng cao sức khoẻ\nGalaxy Fit 3 – Thời lượng pin ấn tượng cho trải nghiệm xuyên suốt\nĐồng hồ Samsung Galaxy Fit 3 là mẫu đồng hồ kế nhiệm Galaxy Fit 2 sở hữu nhiều nâng cấp hứa hẹn. Không chỉ trang bị cảm biến có độ chuẩn xác tốt hơn, đồng hồ còn được nâng cấp mạnh về pin để cho bạn yên tâm sử dụng trong nhiều tuần liền.\n\nThiết kế gọn nhẹ, tinh giản và khả năng kháng nước 5ATM, kháng bụi IP68\nĐồng hồ Galaxy Fit 3 có sự thay đổi về mặt thiết kế khi sở hữu mặt đồng hồ dạng chữ nhật, màn hình  1.6 inch cùng trọng lượng chỉ 36.8g. Với thiết kế thanh mảnh, gọn gàng đồng hồ Galaxy Fit 3 cũng chính là một món phụ kiện hiện đại.\nĐồng hồ cũng có vỏ nhôm cao cấp cùng các màu sắc sang trọng, thanh lịch hơn như Hồng, Đen, Bạc,….Phần màn hình có kích thước lớn hơn Fit 2 tiền nhiệm với màn hình AMOLED 1.6 inch, độ phân giải 256x402 pixel, để giúp bạn dễ dàng quan sát được nhiều thông tin trên thiết bị.\n\nCùng với đó, thiết bị còn có độ kháng nước 5ATM, kháng bụi IP68 nên bạn cũng có thể sử dụng đồng hồ để đi mưa, bơi lội,….\nTuy nhiên, hãng vẫn khuyến nghị bạn không nên để đồng hồ tiếp xúc trực tiếp dưới nước nóng, hóa chất, không nên bấm nút điều khiển khi đang ở dưới nước,…để đảm bảo độ bền.\n\nĐồng hồ Galaxy Fit 3 sở hữu pin dài đến 13 ngày\nMột điểm được nâng cấp mạnh mẽ trên đồng hồ Samsung Galaxy Fit 3 đó chính là thời lượng pin. Trên Fit 3, thời lượng pin kéo dài đến 13 ngày sau một lần sạc đầy với viên pin 208mAh.\nVới con số ấn tượng này, Galaxy Fit 3 được đánh giá là cho thời lượng pin tốt hơn so với pin thông thường cũng phân khúc giá. Bên cạnh đó, Fit 3 cũng có tốc độ sạc nhanh chóng, sạc đầy trong thời gian ngắn.\n\nChăm sóc sức khỏe với đầy đủ những cảm biến, kết nối Bluetooth 5.3 ổn định\nTrên đồng hồ Samsung Galaxy Fit 3, hãng cũng trang bị những cảm biến hiện đại và được nâng cấp để giúp đo đạc các chỉ số cơ thể một cách chuẩn xác hơn. Cụ thể, đồng hồ có thể đo nhịp tim 24/7 theo thời gian thực, theo dõi giấc ngủ, đo SpO2, theo dõi chỉ số tập luyện thể thao,….',0,'Đồng hồ Samsung Galaxy Fit 3',1390000,'Đồng-hồ-Samsung-Galaxy-Fit-3',300,5,210,'https://cdn2.cellphones.com.vn/insecure/rs:fill:0:358/q:90/plain/https://cellphones.com.vn/media/catalog/product/s/a/samsung_3.png',4),(35,'JBL','loa','JBL Charge 5 – Siêu phẩm loa di động thế hệ mới, chất âm vượt trội ở mọi không gian\nTiếp nối sự thành công của người tiền nhiệm, dòng loa huyền thoại loa JBL Charge 5 với sự thay đổi mạnh mẽ cả về thiết kế lẫn công nghệ âm thanh mang đến chất lượng âm thanh vượt trội dù là ngoài trời hay trong nhà. Là sản phẩm loa bluetooth đồng hành cùng bạn ở mọi cuộc vui.\n\nThiết kế mạnh mẽ, hỗ trợ kháng nước, chống bụi tiêu chuẩn IP67\nGiữ nguyên phần thiết kế đã làm nên thương hiệu dòng Charge huyền thoại, JBL Charge 5 mang đến vẻ bề ngoài được trau chuốt thêm tạo thêm ấn tượng mạnh mẽ cho người dùng khi lần đầu tiên nhìn thấy.\nCủ loa thiết kế mới mang đến chất lượng âm thanh to và rõ ràng\nCharge 5 sử dụng củ loa mới với tên gọi “Racetrack-shaped driver” tăng tiết diện loa, giúp thể hiện âm sắc với biên độ rộng hơn.\nCùng với đó là 2 loa tweeter và màng rung thụ động JBL Bass Radiators giúp tăng cường âm bass với độ sâu tốt hơn, dải cao được cải thiện sáng rõ hơn so với người tiền nhiệm.\n\nDung lượng pin lên đến 7500mAh, hỗ trợ sạc cho các thiết bị di động\nMang đến cho người dùng khả năng giải trí bất tận với hơn 20 giờ sử dụng nhờ viên pin 7500mAh bên trong loa bluetooth JBL Charge 5. Ngoài ra thông qua cổng USB được tích hợp sẵn, bạn có thể sử dụng loa như một viên pin dự phòng để cung cấp thêm năng lượng cho các chiếc smartphone của mình.\nTiệc vui thêm rộn rã với công nghệ PartyBoost kết nối không giới hạn với các loa khác\nCông nghệ PartyBoost độc quyền từ JBL giúp bạn ghép hai hay nhiều loa có hỗ trợ công nghệ này với nhau để tăng thêm công suất phát, từ đó giúp bữa tiệc của bạn càng thêm sôi động.\nJBL Charge 5 tích hợp công nghệ kết nối không dây Bluetooth 5.1 giúp kết nối nhanh và ổn định, truyền tải âm thanh không dây với chất lượng tốt cho người nghe.',0,'Loa Bluetooth JBL Charge 51',3790000,'Loa-Bluetooth-JBL-Charge-5',26,4.8,11,'https://cdn2.cellphones.com.vn/insecure/rs:fill:358:358/q:90/plain/https://cellphones.com.vn/media/catalog/product/g/r/group_211.png',10),(36,'Garmin','dong-ho-thong-minh','Đồng hồ thông minh Garmin Forerunner 55 – Em út nhà Garmin\nBạn đã quá quen thuộc với các thiết bị đồng hồ đeo tay cao cấp đắt tiền của Garmin, nhưng lần này còn gì tuyệt hơn khi bạn được trải nghiệm toàn bộ tính năng hấp dẫn trên chiếc đồng hồ thông minh Garmin Forerunner 55 với sở hữu mức giá chỉ rơi vào từ 200 đô.\n\nThiết kế tinh giản hơn, nâng cấp về phần mềm\nNhằm giúp người dùng trở nên thanh lịch hơn với mẫu mã không còn quá hầm hố như xưa, đồng hồ thông minh Garmin Forerunner 55 được gọt bớt phần thân vỏ sao cho góc cạnh hơn, trông nổi bật hơn với kiểu dáng cứng cáp và bắt mắt hơn. Người dùng có thể tinh chỉnh bằng cách tháo lắp dây ra và đổi mới vẻ ngoài nếu bạn cảm thấy chán.\nTích hợp những tính năng nổi bật\nNhằm giúp đáp ứng đầy đủ và tăng cường trải nghiệm người dùng, đồng hồ thông minh Garmin sở hữu nhiều tính năng từ cơ bản đến nâng cao bao gồm: tính năng gợi ý bài tập thể thao mỗi ngày, tính năng chạy vòng lặp hỗ trợ cho các vận động viên nhằm đo đạc thông số chính xác hơn và đo bước chạy trong thời gian thực.\nNgoài ra, chiếc đồng hồ thông minh giá rẻ đến từ Garmin còn được trang bị thêm tính năng hỗ trợ cho người tập luyện và cụ thể là người đi bộ với lịch trình đo quãng đường đã được thiết lập từ trước. Bên cạnh đó, nó còn được nâng cấp thêm thời lượng pin với thời gian sử dụng với 20 giờ khi sử dụng tính năng GPS và 14 ngày với thiết lập bình thường.',0,'Đồng hồ thông minh Garmin Forerunner 55',5020000,'Đồng-hồ-thông-minh-Garmin-Forerunner-55',120,4.7,17,'https://cdn2.cellphones.com.vn/insecure/rs:fill:0:358/q:90/plain/https://cellphones.com.vn/media/catalog/product/d/o/dong-ho-thong-minh-garmin-forerunner-55-1.jpg',4),(37,'Garmin','dong-ho-thong-minh','Là chiếc đồng hồ được thiết kế theo phong cách thể thao. Do dó, Garmin Forerunner 965 cực kỳ chú trọng vào việc tích hợp nhiều chế độ luyện tập đa dạng và viên pin với dung lượng “trâu” để mọi người sử dụng thoải mái hơn. Màn hình kích thước 1.4 inch cùng tấm nền AMOLED mang đến nhều không gian hiển thị và hình ảnh rực rõ, sắc nét. Cùng CellphoneS tìm hiểu thêm về chiếc đồng hồ Garmin vừa mới ra mắt này nhé.\n\nĐồng hồ Garmin Forerunner 965 - Pin “trâu”, chế độ luyện tập đa dạng\nMàn hình AMOLED sắc nét\nVới kiểu dáng mặt đồng hồ tròn, Forerunner 965 sở hữu kích thước lớn đạt 1.4 inch xung quanh được bao bọc bởi một khung bezel titan mới. Điều đó đã góp phần giúp đồng hồ có được không gian hiển thị mở rộng, người dùng có thể xem được nhiều thông báo hơn mà không cần phải cuộn lướt liên tục. \nĐi kèm với đó là trang bị tấm nền AMOLED có độ phân giải 454 x 454 px. Từ đó, thiết bị có khả năng hiển thị màu sắc chân thực và có phần rực rỡ hơn. Đặc biệt, tấm nền AMOLED còn hỗ trợ chống chói nên có thể quan sát tốt ngay khi dùng dưới ánh nắng mặt trời. \n\nDung lượng pin lên đến 23 ngày, màn hình cảm ứng và nút bấm siêu nhạy\nVới viên pin lớn, đồng hồ Garmin 965 được nâng lên thời gian trải nghiệm đến 31 giờ khi dùng ở chế độ chỉ GPS không có nhạc. Thời lượng đó còn có thể kéo dài liên tục 23 ngày khi dùng ở chế độ đồng hồ thông minh. Do đó, bạn có thể tự tin sử dụng khi đi du lịch hoặc dã ngoại mà không cần lo lắng bị gián đoạn.\nNgoài khả năng hiển thị sắc nét trên bề mặt rộng hơn thì đồng hồ Garmin Forerunner 965 còn tích hợp tính năng cảm ứng cho màn hình, giúp bạn dễ dàng thao tác. Bên cạnh đó, thiết bị cũng trang bị 5 nút cứng vật lý siêu nhạy, hỗ trợ bạn điều khiển trong khi tay ướt hoặc ra mồ hôi khiến cảm ứng không dùng được.\n\nHơn nữa, mặt đồng hồ còn được bảo vệ bền bỉ bởi lớp kính cường lực Corning Gorilla 3 DX. Do đó, đồng hồ được bảo vệ lâu dài hơn, chống xước và giảm thiểu các tác động do ngoại lực từ bên ngoài.\n\nXây dựng kế hoạch tập luyện với các tính năng vượt trội\nKhông chỉ đem đến thời lượng pin “khỏe” mà đồng hồ Forerunner 965 còn cung cấp đến bạn một kế hoạch tập luyện với nhiều bài tập đa dạng.  Trong đó, thiết bị sẽ hỗ trợ tập luyện tim mạch, tập luyện sức mạnh, tập luyện HIIT (giảm mỡ toàn thân), tập Yoga, tập luyện Pilates,...cùng nhiều môn thể thao khác nhau, để bạn rèn luyện sức khỏe mỗi ngày.\nĐi kèm hỗ trợ cho các chế độ tập luyện là các tính năng theo dõi sức khỏe thông minh vượt trội được Garmin Forerunner 965 trang bị hàng loạt. Điển hình như đo điện tim tâm đồ, đo độ bão hòa oxy trong máu, đếm số bước đi và phát hiện sớm các chỉ số bất thường hay theo dõi chu kỳ kinh nguyệt.\nBản đồ tích hợp với GPS Multiband và SatIQ\nHướng đến người dùng đam mê thể thao, đồng hồ Garmin Forerunner 965 đã tích hợp bản đồ với công nghệ SatIQ, với đầy màu sắc để giúp bạn đi đúng hướng, chinh phục được mọi cung đường ở bất kỳ đâu trên map mà không cần lo lắng bị lạc.\nĐồng thời, thiết bị cũng sẽ có thêm tính năng phát hiện sự cố đi kèm để hỗ trợ gửi vị trí đến các số điện thoại thiết lập sẵn, nên bạn có thể yên tâm khám phá.\nThiết kế Garmin Forerunner 965 năng động cùng viền titan ấn tượng\nThiết kế của Garmin Forerunner 965 mang vẻ năng động nhưng vô cùng mạnh mẽ. Cùng với đó là phần dây đeo bằng silicon mềm dẻo, tạo độ thoải mái, thoáng khí để thoải mái đeo cả ngày dài mà không lo bị nóng bí. \nKhung viền của đồng hồ được làm bằng chất liệu titan bền bỉ, không lo gỉ sét ấn tượng. Thiết bị sẽ còn cung cấp đến người dùng 3 sự chọn lựa màu sắc là đen, trắng và vàng. Đồng thời, sản phẩm còn được trang bị chuẩn chống nước 5ATM. Do đó, bạn có thể đeo Garmin 965 khi rửa tay hoặc đi mưa nhẹ mà vẫn an toàn cho thiết bị.',0,'Đồng hồ thông minh Garmin Forerunner 965',15660000,'Đồng-hồ-thông-minh-Garmin-Forerunner-965',202,4.9,121,'https://cdn2.cellphones.com.vn/insecure/rs:fill:0:358/q:90/plain/https://cellphones.com.vn/media/catalog/product/g/a/garmin-forerunner-965-den-1.jpg',4),(38,'ViewSonic','man-hinh','Màn hình ViewSonic VA2209-H 100Hz 22 inch - Chất lượng hình ảnh đẹp, tối ưu cho nhiều mục đích\nMàn hình ViewSonic VA2209-H 100Hz 22 inch giúp bạn tận hưởng màu sắc phong phú với độ sáng ổn định đến từ mọi góc nhìn. Với nhiều công nghệ hỗ trợ tiên tiến khác, mẫu màn hình ViewSonic sẽ có mức tiêu thụ điện năng thấp để bạn thoải mái sử dụng cho nhiều nhu cầu khác nhau.\n\nHiển thị Full HD sắc nét ở mọi góc nhìn, tần số quét 100Hz\nMàn hình ViewSonic VA2209-H 100Hz 22 inch sở hữu độ phân giải Full HD 1080p. Điều này kết hợp cùng công nghệ SuperClear IPS sẽ giúp bạn trải nghiệm được khung hình hiển thị rõ nét và độ chi tiết đáng kinh ngạc với góc nhìn rộng tới 178 độ.\nVới tốc độ làm mới 100Hz, màn hình còn cho ra những chuyển động hình ảnh mượt mà, liền mạch tuyệt vời ngay cả ở các hành động nhanh. Thêm vào đó, màn hình còn được ViewSonic cung cấp hàng loạt các cài đặt theo từng nội dung như Game/Movie//Text/Web,... với độ tương phản và độ sáng tối ưu theo nhiều mục đích.\n\nThiết kế 3 cạnh không viền, giảm hiện tượng xé hình\nMàn hình ViewSonic VA2209-H 100Hz 22 inch được làm với thiết kế 3 cạnh không viền, hỗ trợ thiết lập nhiều màn hình một cách liền mạch. Kết hợp với đó là công nghệ Flicker Free / Blue Light Filter lọc ánh sáng xanh, hạn chế mỏi mắt.\nBên cạnh đó, ViewSonic còn tích hợp thêm công nghệ Adaptive Sync để giảm thiểu hiện tượng xé hình. Từ đó, ở tốc độ khung hình nhanh thì nội dung vẫn được hiển thị, chuyển động mượt và hạn chế mờ nhòe.',0,'Màn hình ViewSonic VA2209-H 100Hz 22 inch',1890000,'Màn-hình-ViewSonic-VA2209-H-100Hz-22-inch',202,3.7,12,'https://cdn2.cellphones.com.vn/insecure/rs:fill:0:358/q:90/plain/https://cellphones.com.vn/media/catalog/product/m/a/man-hinh-viewsonic-va2209-h-100hz-22-inch.png',7),(39,'Samsung','may-tinh-bang','ĐẶC ĐIỂM NỔI BẬT\nGalaxy AI tiện ích - Hỗ trợ dịch, tóm tắt văn bản, chỉnh sửa ảnh thông minh và dịch âm thanh\nSống động và sắc nét mọi khung hình - Màn hình 14.6 inch Dynamic AMOLED 2X,Tần số quét đến 120Hz cùng HDR10+\nXử lí mượt mà kể cả tác vụ nặng với chip xử lí Snapdragon® 8 Gen 2 for Galaxy mạnh mẽ\nBền bỉ cho mọi hành trình suôn sẻ - Kháng bụi và nước đạt chuẩn IP68 cùng chất liệu nhôm Armor Aluminum giúp hạn chế cong và xước\nSáng tạo mọi lúc mọi nơi - Bút S Pen mới với độ trễ cực thấp chỉ 2.8ms, hỗ trợ nhiều ứng dụng chuyên dụng: Goodnotes5, LumaFusion',11,'Samsung Galaxy Tab S9 Ultra 12GB 512GB',23190000,'Samsung-Galaxy-Tab-S9-Ultra-12GB-512GB',55,3.9,38,'https://cdn2.cellphones.com.vn/insecure/rs:fill:0:358/q:90/plain/https://cellphones.com.vn/media/catalog/product/s/s/ss-tab-s9-ultra_1__1.png',3),(40,'Sony','loa','Loa Sony SRS-XE200 - Thiết kế nhỏ gọn, âm thanh vượt trội\nLoa bluetooth Sony SRX-XE200 nằm trong bộ sưu tập mới nhất của X-series với thiết kế và tính năng cải tiến. Kiểu dáng thiết bị gọn nhẹ nên bạn có thể mang đến bất cứ đâu để tận hưởng âm nhạc.\n\nBộ khuếch đại dạng đường thẳng cho âm thanh truyền xa hơn\nBộ khuếch tán đường thẳng của Sony SRS-XE200 giúp phân phối và truyền âm thanh đi xa hơn trên phạm vi rộng mà không bị ảnh hưởng đến chất lượng. Thiết kế này được lấy cảm hứng từ các buổi hòa nhạc lớn cho không gian tràn ngập các giai điệu. Như vậy, bạn sẽ cảm nhận được cùng một chất lượng âm thanh kể cả ở phía trước hay bên cạnh loa.\nKích thước nhỏ gọn, dây đeo tiện dụng\nSản phẩm sở hữu thiết kế nhỏ gọn, có thêm dây đeo giúp cho việc mang theo bên người càng thêm dễ dàng. Với trọng lượng chưa đến 1kg nên loa Sony SRS-XE200 rất tiện cho việc mang đến các bữa tiệc hoặc các chuyến đi phượt. Vỏ loa Sony được làm bằng chất liệu rất bền bỉ, có thể đặt đứng hoặc nằm tùy theo người dùng.\nX-Balanced Speaker Unit mới có màng loa không tròn, cho âm thanh chất lượng cao\nKhác so với màng loa tròn truyền thống, Sony SRS-XE200 sở hữu màn loa không tròn hỗ trợ tạo áp suất âm thanh cao, mang đến trải nghiệm tuyệt vời hơn, đồng thời hạn chế biến dạng âm thanh. Thêm vào đó, thiết kế các loa lệch tâm nhau kết hợp độ cân bằng trọng lượng tăng chi tiết âm thanh và mở rộng âm tầng. Ngoải ra, sản phẩm còn sở hữu bộ tản âm thụ động kép nhằm tạo ra các âm trầm mạnh mẽ.\nPin lên đến 16 giờ sử dụng và tích hợp cảm biến chống tiếng ồn xung quanh\nLoa bluetooth SRS-XE200 được nhà sản xuất ưu ái cho lượng pin khủng có thể lên đến 16h, đủ để phục vụ mọi cuộc vui chơi. Cùng với công nghệ cảm biến mic độc đáo của Sony, Ambient Noise Sensing giúp tiết kiệm pin khi sử dụng bên ngoài.\n\nNếu cảm thấy mình không đủ thời gian sạc, thì bạn có thể sạc loa 10 phút để đổi loại 70 phút chơi. Bên cạnh đó, loa còn có tính năng chăm sóc pin nên bạn không phải lo lắng về tuổi thọ của pin.\nChống nước, chống bụi vượt trội đạt chuẩn IP67\nSony SRS-XE200 được trang bị khả năng chống nước chống bụi và chống thấm nước chuẩn IP67. Do đó, bạn có thể yên tâm khi mang loa đi biển, đến hồ bơi, công viên hoặc sân vườn. Ngoài ra, thiết bị còn được trang bị thêm khả năng chống sốc MIL STD 810 H ở độ cao 1.22m, giúp hạn chế khả năng hư hỏng khi lỡ tay làm rơi loa.\nCuộc gọi cải thiện với Echo Cancelling\nHai người có thể cùng nói chuyện mà không bị gián đoạn. Bên cạnh đó, bạn có thể tất tiếng ngay lập tức bằng nút “MIC Mute” ngay trên loa một cách dễ dàng. Và với tính năng kết nối đa điểm, có thể kết nối cùng lúc hai thiết bị.',0,'Loa Bluetooth Sony SRS-XE200',1150000,'Loa-Bluetooth-Sony-SRS-XE200',125,3.6,88,'https://cdn2.cellphones.com.vn/insecure/rs:fill:0:358/q:90/plain/https://cellphones.com.vn/media/catalog/product/_/0/_0003_srs-xe200_4_.jpg',10),(47,'Chuot','Chuột-máy-tính','a',20,'a',20000,'a',20,0,0,'https://firebasestorage.googleapis.com/v0/b/lavenshop-c9862.appspot.com/o/product_images%2F1729091287683.jpeg?alt=media&token=628cae9f-c263-4bde-8640-1b6a9490bd32',6);
/*!40000 ALTER TABLE `products` ENABLE KEYS */;
UNLOCK TABLES;

--
-- Table structure for table `reviews`
--

DROP TABLE IF EXISTS `reviews`;
/*!40101 SET @saved_cs_client     = @@character_set_client */;
/*!50503 SET character_set_client = utf8mb4 */;
CREATE TABLE `reviews` (
  `id` bigint NOT NULL AUTO_INCREMENT,
  `content` varchar(255) COLLATE utf8mb4_unicode_ci NOT NULL,
  `created_at` datetime(6) NOT NULL,
  `rating` int NOT NULL,
  `product_id` bigint NOT NULL,
  `user_id` bigint NOT NULL,
  PRIMARY KEY (`id`),
  KEY `FKpl51cejpw4gy5swfar8br9ngi` (`product_id`),
  CONSTRAINT `FKpl51cejpw4gy5swfar8br9ngi` FOREIGN KEY (`product_id`) REFERENCES `products` (`id`)
) ENGINE=InnoDB DEFAULT CHARSET=utf8mb4 COLLATE=utf8mb4_unicode_ci;
/*!40101 SET character_set_client = @saved_cs_client */;

--
-- Dumping data for table `reviews`
--

LOCK TABLES `reviews` WRITE;
/*!40000 ALTER TABLE `reviews` DISABLE KEYS */;
/*!40000 ALTER TABLE `reviews` ENABLE KEYS */;
UNLOCK TABLES;

--
-- Table structure for table `roles`
--

DROP TABLE IF EXISTS `roles`;
/*!40101 SET @saved_cs_client     = @@character_set_client */;
/*!50503 SET character_set_client = utf8mb4 */;
CREATE TABLE `roles` (
  `id` bigint NOT NULL AUTO_INCREMENT,
  `name` varchar(255) COLLATE utf8mb4_unicode_ci DEFAULT NULL,
  PRIMARY KEY (`id`)
) ENGINE=InnoDB AUTO_INCREMENT=3 DEFAULT CHARSET=utf8mb4 COLLATE=utf8mb4_unicode_ci;
/*!40101 SET character_set_client = @saved_cs_client */;

--
-- Dumping data for table `roles`
--

LOCK TABLES `roles` WRITE;
/*!40000 ALTER TABLE `roles` DISABLE KEYS */;
INSERT INTO `roles` VALUES (1,'ADMIN'),(2,'USER');
/*!40000 ALTER TABLE `roles` ENABLE KEYS */;
UNLOCK TABLES;

--
-- Table structure for table `user`
--

DROP TABLE IF EXISTS `user`;
/*!40101 SET @saved_cs_client     = @@character_set_client */;
/*!50503 SET character_set_client = utf8mb4 */;
CREATE TABLE `user` (
  `id` int NOT NULL AUTO_INCREMENT,
  `create_date` datetime(6) DEFAULT NULL,
  `created_by` bigint DEFAULT NULL,
  `update_date` datetime(6) DEFAULT NULL,
  `updated_by` bigint DEFAULT NULL,
  `date_of_birth` datetime(6) DEFAULT NULL,
  `email` varchar(255) COLLATE utf8mb4_unicode_ci NOT NULL,
  `gender` varchar(255) COLLATE utf8mb4_unicode_ci DEFAULT NULL,
  `name` varchar(255) COLLATE utf8mb4_unicode_ci NOT NULL,
  `password` varchar(255) COLLATE utf8mb4_unicode_ci NOT NULL,
  `phone` varchar(255) COLLATE utf8mb4_unicode_ci DEFAULT NULL,
  `username` varchar(255) COLLATE utf8mb4_unicode_ci DEFAULT NULL,
  `active` bit(1) DEFAULT NULL,
  PRIMARY KEY (`id`),
  UNIQUE KEY `UKob8kqyqqgmefl0aco34akdtpe` (`email`),
  UNIQUE KEY `UKgj2fy3dcix7ph7k8684gka40c` (`name`)
) ENGINE=InnoDB AUTO_INCREMENT=5 DEFAULT CHARSET=utf8mb4 COLLATE=utf8mb4_unicode_ci;
/*!40101 SET character_set_client = @saved_cs_client */;

--
-- Dumping data for table `user`
--

LOCK TABLES `user` WRITE;
/*!40000 ALTER TABLE `user` DISABLE KEYS */;
INSERT INTO `user` VALUES (1,'2024-09-13 16:24:53.494357',NULL,'2024-09-13 16:24:53.495329',NULL,NULL,'admin@gmail.com','male','admin','$2a$10$M5I9oaD0T4W6hTea7/CAsuofSeNUPnczepg6ER5276I/G5L/o599W','0338688127','admin',_binary ''),(2,'2024-09-13 16:25:37.726684',NULL,'2024-09-13 16:25:37.726684',NULL,NULL,'dong@gmail.com','male','dong','$2a$10$aQtBr8vDvmQwOpwS6NKSv.1I3zfjL6XrblhFyFypIrH59JgvHsKoK','0326470586','dong',_binary ''),(3,NULL,NULL,NULL,NULL,NULL,'sin@gmail.com','male','sin','$2a$10$bJQvE9JmaVzNJE5MygwfCu0NEr15Cl.9OgR6PpExZNrLwmGynVxUm','0326470516','sin',_binary '');
/*!40000 ALTER TABLE `user` ENABLE KEYS */;
UNLOCK TABLES;

--
-- Table structure for table `users_roles`
--

DROP TABLE IF EXISTS `users_roles`;
/*!40101 SET @saved_cs_client     = @@character_set_client */;
/*!50503 SET character_set_client = utf8mb4 */;
CREATE TABLE `users_roles` (
  `user_id` int NOT NULL,
  `role_id` bigint NOT NULL,
  PRIMARY KEY (`user_id`,`role_id`),
  KEY `FKj6m8fwv7oqv74fcehir1a9ffy` (`role_id`),
  CONSTRAINT `FKgd3iendaoyh04b95ykqise6qh` FOREIGN KEY (`user_id`) REFERENCES `user` (`id`),
  CONSTRAINT `FKj6m8fwv7oqv74fcehir1a9ffy` FOREIGN KEY (`role_id`) REFERENCES `roles` (`id`)
) ENGINE=InnoDB DEFAULT CHARSET=utf8mb4 COLLATE=utf8mb4_unicode_ci;
/*!40101 SET character_set_client = @saved_cs_client */;

--
-- Dumping data for table `users_roles`
--

LOCK TABLES `users_roles` WRITE;
/*!40000 ALTER TABLE `users_roles` DISABLE KEYS */;
INSERT INTO `users_roles` VALUES (1,1),(2,2),(3,2);
/*!40000 ALTER TABLE `users_roles` ENABLE KEYS */;
UNLOCK TABLES;
/*!40103 SET TIME_ZONE=@OLD_TIME_ZONE */;

/*!40101 SET SQL_MODE=@OLD_SQL_MODE */;
/*!40014 SET FOREIGN_KEY_CHECKS=@OLD_FOREIGN_KEY_CHECKS */;
/*!40014 SET UNIQUE_CHECKS=@OLD_UNIQUE_CHECKS */;
/*!40101 SET CHARACTER_SET_CLIENT=@OLD_CHARACTER_SET_CLIENT */;
/*!40101 SET CHARACTER_SET_RESULTS=@OLD_CHARACTER_SET_RESULTS */;
/*!40101 SET COLLATION_CONNECTION=@OLD_COLLATION_CONNECTION */;
/*!40111 SET SQL_NOTES=@OLD_SQL_NOTES */;

-- Dump completed on 2024-11-27 21:07:09
